control,time,voltage
,0.1,1.047
,0.2,1.047
,0.3,1.047
,0.4,1.047
,0.5,1.047
,0.6,1.047
,0.7,1.047
,0.8,1.047
,0.9,1.047
,1,1.047
,1.1,1.046
,1.2,1.047
,1.3,1.047
,1.4,1.047
,1.5,1.047
,1.6,1.047
,1.7,1.047
,1.8,1.048
,1.9,1.046
,2,1.047
,2.1,1.048
,2.2,1.047
,2.3,1.046
,2.4,1.047
,2.5,1.047
,2.6,1.047
,2.7,1.047
,2.8,1.047
,2.9,1.047
,3,1.047
,3.1,1.047
,3.2,1.047
,3.3,1.047
,3.4,1.046
,3.5,1.047
,3.6,1.047
,3.7,1.047
,3.8,1.047
,3.9,1.047
,4,1.047
,4.1,1.048
,4.2,1.046
,4.3,1.047
,4.4,1.048
,4.5,1.047
,4.6,1.046
,4.7,1.047
,4.8,1.047
,4.9,1.047
,5,1.047
,5.1,1.047
,5.2,1.047
,5.3,1.047
,5.4,1.047
,5.5,1.047
,5.6,1.047
,5.7,1.046
,5.8,1.047
,5.9,1.047
,6,1.047
,6.1,1.047
,6.2,1.047
,6.3,1.047
,6.4,1.048
,6.5,1.046
,6.6,1.047
,6.7,1.048
,6.8,1.047
,6.9,1.046
,7,1.047
,7.1,1.047
,7.2,1.047
,7.3,1.047
,7.4,1.047
,7.5,1.047
,7.6,1.047
,7.7,1.047
,7.8,1.047
,7.9,1.047
,8,1.046
,8.1,1.047
,8.2,1.047
,8.3,1.047
,8.4,1.047
,8.5,1.047
,8.6,1.047
,8.7,1.048
,8.8,1.046
,8.9,1.047
,9,1.048
,9.1,1.047
,9.2,1.046
,9.3,1.047
,9.4,1.047
,9.5,1.047
,9.6,1.047
,9.7,1.047
,9.8,1.047
,9.9,1.047
,10,1.047
,10.1,1.047
,10.2,1.047
,10.3,1.046
,10.4,1.047
,10.5,1.047
,10.6,1.047
,10.7,1.047
,10.8,1.047
,10.9,1.047
,11,1.048
,11.1,1.046
,11.2,1.047
,11.3,1.048
,11.4,1.047
,11.5,1.046
,11.6,1.047
,11.7,1.047
,11.8,1.047
,11.9,1.047
,12,1.047
,12.1,1.047
,12.2,1.047
,12.3,1.047
,12.4,1.047
,12.5,1.047
,12.6,1.046
,12.7,1.047
,12.8,1.047
,12.9,1.047
,13,1.047
,13.1,1.047
,13.2,1.047
,13.3,1.048
,13.4,1.046
,13.5,1.047
,13.6,1.048
,13.7,1.047
,13.8,1.046
,13.9,1.047
,14,1.047
,14.1,1.047
,14.2,1.047
,14.3,1.047
,14.4,1.047
,14.5,1.047
,14.6,1.047
,14.7,1.047
,14.8,1.047
,14.9,1.046
,15,1.047
,15.1,1.046
,15.2,1.046
,15.3,1.046
,15.4,1.046
,15.5,1.046
,15.6,1.046
,15.7,1.046
,15.8,1.046
,15.9,1.046
,16,1.046
,16.1,1.046
,16.2,1.046
,16.3,1.046
,16.4,1.046
,16.5,1.046
,16.6,1.046
,16.7,1.046
,16.8,1.046
,16.9,1.046
,17,1.046
,17.1,1.046
,17.2,1.046
,17.3,1.046
,17.4,1.046
,17.5,1.046
,17.6,1.046
,17.7,1.046
,17.8,1.046
,17.9,1.046
,18,1.046
,18.1,1.046
,18.2,1.046
,18.3,1.046
,18.4,1.046
,18.5,1.047
,18.6,1.045
,18.7,1.045
,18.8,1.045
,18.9,1.045
,19,1.046
,19.1,1.046
,19.2,1.046
,19.3,1.046
,19.4,1.047
,19.5,1.047
,19.6,1.047
,19.7,1.047
,19.8,1.047
,19.9,1.047
,20,1.047
,20.1,1.046
,20.2,1.046
,20.3,1.046
,20.4,1.046
,20.5,1.046
,20.6,1.046
,20.7,1.046
,20.8,1.046
,20.9,1.046
,21,1.046
,21.1,1.047
,21.2,1.047
,21.3,1.047
,21.4,1.047
,21.5,1.047
,21.6,1.047
,21.7,1.047
,21.8,1.047
,21.9,1.047
,22,1.047
,22.1,1.047
,22.2,1.046
,22.3,1.046
,22.4,1.046
,22.5,1.046
,22.6,1.046
,22.7,1.046
,22.8,1.046
,22.9,1.046
,23,1.046
,23.1,1.046
,23.2,1.046
,23.3,1.046
,23.4,1.046
,23.5,1.046
,23.6,1.046
,23.7,1.046
,23.8,1.046
,23.9,1.046
,24,1.046
,24.1,1.046
,24.2,1.046
,24.3,1.046
,24.4,1.046
,24.5,1.046
,24.6,1.046
,24.7,1.046
,24.8,1.046
,24.9,1.046
,25,1.046
,25.1,1.046
,25.2,1.046
,25.3,1.046
,25.4,1.046
,25.5,1.046
,25.6,1.047
,25.7,1.045
,25.8,1.045
,25.9,1.045
,26,1.045
,26.1,1.046
,26.2,1.046
,26.3,1.046
,26.4,1.046
,26.5,1.047
,26.6,1.047
,26.7,1.047
,26.8,1.047
,26.9,1.047
,27,1.047
,27.1,1.047
,27.2,1.046
,27.3,1.046
,27.4,1.046
,27.5,1.046
,27.6,1.046
,27.7,1.046
,27.8,1.046
,27.9,1.046
,28,1.046
,28.1,1.046
,28.2,1.047
,28.3,1.047
,28.4,1.047
,28.5,1.047
,28.6,1.047
,28.7,1.047
,28.8,1.047
,28.9,1.047
,29,1.047
,29.1,1.047
,29.2,1.047
,29.3,1.046
,29.4,1.046
,29.5,1.046
,29.6,1.046
,29.7,1.046
,29.8,1.046
,29.9,1.046
,30,1.046
,30.1,1.046
,30.2,1.046
,30.3,1.046
,30.4,1.046
,30.5,1.046
,30.6,1.046
,30.7,1.046
,30.8,1.046
,30.9,1.046
,31,1.046
,31.1,1.046
,31.2,1.046
,31.3,1.046
,31.4,1.046
,31.5,1.046
,31.6,1.046
,31.7,1.046
,31.8,1.046
,31.9,1.046
,32,1.046
,32.1,1.047
,32.2,1.047
,32.3,1.047
,32.4,1.047
,32.5,1.047
,32.6,1.047
,32.7,1.047
,32.8,1.047
,32.9,1.047
,33,1.047
,33.1,1.046
,33.2,1.047
,33.3,1.047
,33.4,1.047
,33.5,1.047
,33.6,1.047
,33.7,1.047
,33.8,1.048
,33.9,1.046
,34,1.047
,34.1,1.048
,34.2,1.047
,34.3,1.046
,34.4,1.047
,34.5,1.047
,34.6,1.047
,34.7,1.047
,34.8,1.047
,34.9,1.047
,35,1.047
,35.1,1.047
,35.2,1.047
,35.3,1.047
,35.4,1.046
,35.5,1.047
,35.6,1.047
,35.7,1.047
,35.8,1.047
,35.9,1.047
,36,1.047
,36.1,1.048
,36.2,1.046
,36.3,1.047
,36.4,1.048
,36.5,1.047
,36.6,1.046
,36.7,1.047
,36.8,1.047
,36.9,1.047
,37,1.047
,37.1,1.047
,37.2,1.047
,37.3,1.047
,37.4,1.047
,37.5,1.047
,37.6,1.047
,37.7,1.046
,37.8,1.047
,37.9,1.047
,38,1.047
,38.1,1.047
,38.2,1.047
,38.3,1.047
,38.4,1.048
,38.5,1.046
,38.6,1.047
,38.7,1.048
,38.8,1.047
,38.9,1.046
,39,1.047
,39.1,1.047
,39.2,1.047
,39.3,1.047
,39.4,1.047
,39.5,1.047
,39.6,1.047
,39.7,1.047
,39.8,1.047
,39.9,1.047
,40,1.046
,40.1,1.047
,40.2,1.047
,40.3,1.047
,40.4,1.047
,40.5,1.047
,40.6,1.047
,40.7,1.048
,40.8,1.046
,40.9,1.047
,41,1.048
,41.1,1.047
,41.2,1.046
,41.3,1.047
,41.4,1.047
,41.5,1.047
,41.6,1.047
,41.7,1.047
,41.8,1.047
,41.9,1.047
,42,1.047
,42.1,1.047
,42.2,1.047
,42.3,1.046
,42.4,1.047
,42.5,1.047
,42.6,1.047
,42.7,1.047
,42.8,1.047
,42.9,1.047
,43,1.048
,43.1,1.046
,43.2,1.047
,43.3,1.048
,43.4,1.047
,43.5,1.046
,43.6,1.047
,43.7,1.047
,43.8,1.047
,43.9,1.047
,44,1.047
,44.1,1.047
,44.2,1.047
,44.3,1.047
,44.4,1.047
,44.5,1.047
,44.6,1.046
,44.7,1.047
,44.8,1.047
,44.9,1.047
,45,1.047
,45.1,1.047
,45.2,1.047
,45.3,1.048
,45.4,1.046
,45.5,1.047
,45.6,1.048
,45.7,1.047
,45.8,1.046
,45.9,1.047
,46,1.047
,46.1,1.047
,46.2,1.047
,46.3,1.047
,46.4,1.047
,46.5,1.047
,46.6,1.047
,46.7,1.047
,46.8,1.047
,46.9,1.046
,47,1.047
,47.1,1.046
,47.2,1.046
,47.3,1.046
,47.4,1.046
,47.5,1.046
,47.6,1.046
,47.7,1.046
,47.8,1.046
,47.9,1.046
,48,1.046
,48.1,1.046
,48.2,1.046
,48.3,1.046
,48.4,1.046
,48.5,1.046
,48.6,1.046
,48.7,1.046
,48.8,1.046
,48.9,1.046
,49,1.046
,49.1,1.046
,49.2,1.046
,49.3,1.046
,49.4,1.046
,49.5,1.046
,49.6,1.046
,49.7,1.046
,49.8,1.046
,49.9,1.046
,50,1.046
,50.1,1.046
,50.2,1.046
,50.3,1.046
,50.4,1.046
,50.5,1.047
,50.6,1.045
,50.7,1.045
,50.8,1.045
,50.9,1.045
,51,1.046
,51.1,1.046
,51.2,1.046
,51.3,1.046
,51.4,1.047
,51.5,1.047
,51.6,1.047
,51.7,1.047
,51.8,1.047
,51.9,1.047
,52,1.047
,52.1,1.046
,52.2,1.046
,52.3,1.046
,52.4,1.046
,52.5,1.046
,52.6,1.046
,52.7,1.046
,52.8,1.046
,52.9,1.046
,53,1.046
,53.1,1.047
,53.2,1.047
,53.3,1.047
,53.4,1.047
,53.5,1.047
,53.6,1.047
,53.7,1.047
,53.8,1.047
,53.9,1.047
,54,1.047
,54.1,1.047
,54.2,1.046
,54.3,1.046
,54.4,1.046
,54.5,1.046
,54.6,1.046
,54.7,1.046
,54.8,1.046
,54.9,1.046
,55,1.046
,55.1,1.046
,55.2,1.046
,55.3,1.046
,55.4,1.046
,55.5,1.046
,55.6,1.046
,55.7,1.046
,55.8,1.046
,55.9,1.046
,56,1.046
,56.1,1.046
,56.2,1.046
,56.3,1.046
,56.4,1.046
,56.5,1.046
,56.6,1.046
,56.7,1.046
,56.8,1.046
,56.9,1.046
,57,1.046
,57.1,1.046
,57.2,1.046
,57.3,1.046
,57.4,1.046
,57.5,1.046
,57.6,1.047
,57.7,1.045
,57.8,1.045
,57.9,1.045
,58,1.045
,58.1,1.046
,58.2,1.046
,58.3,1.046
,58.4,1.046
,58.5,1.047
,58.6,1.047
,58.7,1.047
,58.8,1.047
,58.9,1.047
,59,1.047
,59.1,1.047
,59.2,1.046
,59.3,1.046
,59.4,1.046
,59.5,1.046
,59.6,1.046
,59.7,1.046
,59.8,1.046
,59.9,1.046
,60,1.046
,60.1,1.046
,60.2,1.047
,60.3,1.047
,60.4,1.047
,60.5,1.047
,60.6,1.047
,60.7,1.047
,60.8,1.047
,60.9,1.047
,61,1.047
,61.1,1.047
,61.2,1.047
,61.3,1.046
,61.4,1.046
,61.5,1.046
,61.6,1.046
,61.7,1.046
,61.8,1.046
,61.9,1.046
,62,1.046
,62.1,1.046
,62.2,1.046
,62.3,1.046
,62.4,1.046
,62.5,1.046
,62.6,1.046
,62.7,1.046
,62.8,1.046
,62.9,1.046
,63,1.046
,63.1,1.046
,63.2,1.046
,63.3,1.046
,63.4,1.046
,63.5,1.046
,63.6,1.046
,63.7,1.046
,63.8,1.046
,63.9,1.046
,64,1.046
,64.1,1.047
,64.2,1.047
,64.3,1.047
,64.4,1.047
,64.5,1.047
,64.6,1.047
,64.7,1.047
,64.8,1.047
,64.9,1.047
,65,1.047
,65.1,1.046
,65.2,1.047
,65.3,1.047
,65.4,1.047
,65.5,1.047
,65.6,1.047
,65.7,1.047
,65.8,1.048
,65.9,1.046
,66,1.047
,66.1,1.048
,66.2,1.047
,66.3,1.046
,66.4,1.047
,66.5,1.047
,66.6,1.047
,66.7,1.047
,66.8,1.047
,66.9,1.047
,67,1.047
,67.1,1.047
,67.2,1.047
,67.3,1.047
,67.4,1.046
,67.5,1.047
,67.6,1.047
,67.7,1.047
,67.8,1.047
,67.9,1.047
,68,1.047
,68.1,1.048
,68.2,1.046
,68.3,1.047
,68.4,1.048
,68.5,1.047
,68.6,1.046
,68.7,1.047
,68.8,1.047
,68.9,1.047
,69,1.047
,69.1,1.047
,69.2,1.047
,69.3,1.047
,69.4,1.047
,69.5,1.047
,69.6,1.047
,69.7,1.046
,69.8,1.047
,69.9,1.047
,70,1.047
,70.1,1.047
,70.2,1.047
,70.3,1.047
,70.4,1.048
,70.5,1.046
,70.6,1.047
,70.7,1.048
,70.8,1.047
,70.9,1.046
,71,1.047
,71.1,1.047
,71.2,1.047
,71.3,1.047
,71.4,1.047
,71.5,1.047
,71.6,1.047
,71.7,1.047
,71.8,1.047
,71.9,1.047
,72,1.046
,72.1,1.047
,72.2,1.047
,72.3,1.047
,72.4,1.047
,72.5,1.047
,72.6,1.047
,72.7,1.048
,72.8,1.046
,72.9,1.047
,73,1.048
,73.1,1.047
,73.2,1.046
,73.3,1.047
,73.4,1.047
,73.5,1.047
,73.6,1.047
,73.7,1.047
,73.8,1.047
,73.9,1.047
,74,1.047
,74.1,1.047
,74.2,1.047
,74.3,1.046
,74.4,1.047
,74.5,1.047
,74.6,1.047
,74.7,1.047
,74.8,1.047
,74.9,1.047
,75,1.048
,75.1,1.046
,75.2,1.047
,75.3,1.048
,75.4,1.047
,75.5,1.046
,75.6,1.045
,75.7,1.045
,75.8,1.045
,75.9,1.045
,76,1.045
,76.1,1.045
,76.2,1.045
,76.3,1.046
,76.4,1.046
,76.5,1.046
,76.6,1.046
,76.7,1.046
,76.8,1.046
,76.9,1.046
,77,1.046
,77.1,1.046
,77.2,1.046
,77.3,1.046
,77.4,1.046
,77.5,1.046
,77.6,1.046
,77.7,1.046
,77.8,1.046
,77.9,1.046
,78,1.046
,78.1,1.046
,78.2,1.046
,78.3,1.046
,78.4,1.045
,78.5,1.045
,78.6,1.045
,78.7,1.045
,78.8,1.046
,78.9,1.046
,79,1.046
,79.1,1.046
,79.2,1.046
,79.3,1.046
,79.4,1.046
,79.5,1.046
,79.6,1.046
,79.7,1.045
,79.8,1.045
,79.9,1.045
,80,1.045
,80.1,1.046
,80.2,1.046
,80.3,1.046
,80.4,1.046
,80.5,1.046
,80.6,1.046
,80.7,1.046
,80.8,1.046
,80.9,1.046
,81,1.045
,81.1,1.045
,81.2,1.045
,81.3,1.045
,81.4,1.046
,81.5,1.046
,81.6,1.046
,81.7,1.046
,81.8,1.046
,81.9,1.046
,82,1.046
,82.1,1.046
,82.2,1.046
,82.3,1.045
,82.4,1.045
,82.5,1.045
,82.6,1.045
,82.7,1.046
,82.8,1.046
,82.9,1.046
,83,1.046
,83.1,1.046
,83.2,1.046
,83.3,1.046
,83.4,1.046
,83.5,1.046
,83.6,1.045
,83.7,1.045
,83.8,1.045
,83.9,1.045
,84,1.046
,84.1,1.046
,84.2,1.046
,84.3,1.046
,84.4,1.046
,84.5,1.046
,84.6,1.046
,84.7,1.046
,84.8,1.046
,84.9,1.045
,85,1.045
,85.1,1.045
,85.2,1.045
,85.3,1.046
,85.4,1.046
,85.5,1.046
,85.6,1.046
,85.7,1.046
,85.8,1.046
,85.9,1.046
,86,1.046
,86.1,1.046
,86.2,1.045
,86.3,1.045
,86.4,1.045
,86.5,1.045
,86.6,1.046
,86.7,1.046
,86.8,1.046
,86.9,1.046
,87,1.046
,87.1,1.046
,87.2,1.046
,87.3,1.046
,87.4,1.046
,87.5,1.045
,87.6,1.045
,87.7,1.045
,87.8,1.045
,87.9,1.046
,88,1.046
,88.1,1.046
,88.2,1.046
,88.3,1.046
,88.4,1.046
,88.5,1.046
,88.6,1.046
,88.7,1.046
,88.8,1.045
,88.9,1.045
,89,1.045
,89.1,1.045
,89.2,1.046
,89.3,1.046
,89.4,1.046
,89.5,1.046
,89.6,1.046
,89.7,1.046
,89.8,1.046
,89.9,1.046
,90,1.046
,90.1,1.045
,90.2,1.045
,90.3,1.045
,90.4,1.045
,90.5,1.046
,90.6,1.046
,90.7,1.046
,90.8,1.046
,90.9,1.046
,91,1.046
,91.1,1.046
,91.2,1.046
,91.3,1.046
,91.4,1.045
,91.5,1.045
,91.6,1.045
,91.7,1.045
,91.8,1.046
,91.9,1.046
,92,1.046
,92.1,1.046
,92.2,1.046
,92.3,1.046
,92.4,1.046
,92.5,1.046
,92.6,1.046
,92.7,1.045
,92.8,1.045
,92.9,1.045
,93,1.045
,93.1,1.046
,93.2,1.046
,93.3,1.046
,93.4,1.046
,93.5,1.046
,93.6,1.046
,93.7,1.046
,93.8,1.046
,93.9,1.046
,94,1.045
,94.1,1.045
,94.2,1.045
,94.3,1.045
,94.4,1.046
,94.5,1.046
,94.6,1.046
,94.7,1.046
,94.8,1.046
,94.9,1.046
,95,1.046
,95.1,1.046
,95.2,1.046
,95.3,1.045
,95.4,1.045
,95.5,1.045
,95.6,1.045
,95.7,1.046
,95.8,1.046
,95.9,1.046
,96,1.046
,96.1,1.046
,96.2,1.046
,96.3,1.046
,96.4,1.046
,96.5,1.046
,96.6,1.045
,96.7,1.045
,96.8,1.045
,96.9,1.045
,97,1.046
,97.1,1.046
,97.2,1.046
,97.3,1.046
,97.4,1.046
,97.5,1.046
,97.6,1.046
,97.7,1.046
,97.8,1.046
,97.9,1.045
,98,1.045
,98.1,1.045
,98.2,1.045
,98.3,1.046
,98.4,1.046
,98.5,1.046
,98.6,1.046
,98.7,1.046
,98.8,1.046
,98.9,1.046
,99,1.046
,99.1,1.046
,99.2,1.045
,99.3,1.045
,99.4,1.045
,99.5,1.045
,99.6,1.046
,99.7,1.046
,99.8,1.046
,99.9,1.046
,100,1.046
,100.1,1.046
,100.2,1.046
,100.3,1.046
,100.4,1.046
,100.5,1.045
,100.6,1.045
,100.7,1.045
,100.8,1.045
,100.9,1.046
,101,1.046
,101.1,1.046
,101.2,1.046
,101.3,1.046
,101.4,1.046
,101.5,1.046
,101.6,1.046
,101.7,1.046
,101.8,1.045
,101.9,1.045
,102,1.045
,102.1,1.045
,102.2,1.046
,102.3,1.046
,102.4,1.046
,102.5,1.046
,102.6,1.046
,102.7,1.046
,102.8,1.046
,102.9,1.046
,103,1.046
,103.1,1.045
,103.2,1.045
,103.3,1.045
,103.4,1.045
,103.5,1.046
,103.6,1.046
,103.7,1.046
,103.8,1.046
,103.9,1.046
,104,1.046
,104.1,1.046
,104.2,1.046
,104.3,1.046
,104.4,1.045
,104.5,1.045
,104.6,1.045
,104.7,1.045
,104.8,1.046
,104.9,1.046
,105,1.046
,105.1,1.046
,105.2,1.046
,105.3,1.046
,105.4,1.046
,105.5,1.046
,105.6,1.046
,105.7,1.045
,105.8,1.045
,105.9,1.045
,106,1.045
,106.1,1.046
,106.2,1.046
,106.3,1.046
,106.4,1.046
,106.5,1.046
,106.6,1.046
,106.7,1.046
,106.8,1.046
,106.9,1.046
,107,1.045
,107.1,1.045
,107.2,1.045
,107.3,1.045
,107.4,1.046
,107.5,1.046
,107.6,1.046
,107.7,1.046
,107.8,1.046
,107.9,1.046
,108,1.046
,108.1,1.046
,108.2,1.046
,108.3,1.045
,108.4,1.045
,108.5,1.045
,108.6,1.045
,108.7,1.046
,108.8,1.046
,108.9,1.046
,109,1.046
,109.1,1.046
,109.2,1.046
,109.3,1.046
,109.4,1.046
,109.5,1.046
,109.6,1.045
,109.7,1.045
,109.8,1.045
,109.9,1.045
,110,1.046
,110.1,1.046
,110.2,1.046
,110.3,1.046
,110.4,1.046
,110.5,1.046
,110.6,1.046
,110.7,1.046
,110.8,1.046
,110.9,1.045
,111,1.045
,111.1,1.045
,111.2,1.045
,111.3,1.046
,111.4,1.046
,111.5,1.046
,111.6,1.046
,111.7,1.046
,111.8,1.046
,111.9,1.046
,112,1.046
,112.1,1.046
,112.2,1.045
,112.3,1.045
,112.4,1.045
,112.5,1.045
,112.6,1.046
,112.7,1.046
,112.8,1.046
,112.9,1.046
,113,1.046
,113.1,1.046
,113.2,1.046
,113.3,1.046
,113.4,1.046
,113.5,1.045
,113.6,1.045
,113.7,1.045
,113.8,1.045
,113.9,1.046
,114,1.046
,114.1,1.046
,114.2,1.046
,114.3,1.046
,114.4,1.046
,114.5,1.046
,114.6,1.046
,114.7,1.046
,114.8,1.045
,114.9,1.045
,115,1.045
,115.1,1.045
,115.2,1.046
,115.3,1.046
,115.4,1.046
,115.5,1.046
,115.6,1.046
,115.7,1.046
,115.8,1.046
,115.9,1.046
,116,1.046
,116.1,1.045
,116.2,1.045
,116.3,1.045
,116.4,1.045
,116.5,1.046
,116.6,1.046
,116.7,1.046
,116.8,1.046
,116.9,1.046
,117,1.046
,117.1,1.046
,117.2,1.046
,117.3,1.046
,117.4,1.045
,117.5,1.045
,117.6,1.045
,117.7,1.045
,117.8,1.046
,117.9,1.046
,118,1.046
,118.1,1.046
,118.2,1.046
,118.3,1.046
,118.4,1.046
,118.5,1.046
,118.6,1.046
,118.7,1.045
,118.8,1.045
,118.9,1.045
,119,1.045
,119.1,1.046
,119.2,1.046
,119.3,1.046
,119.4,1.046
,119.5,1.046
,119.6,1.046
,119.7,1.046
,119.8,1.046
,119.9,1.046
,120,1.045
,120.1,1.045
,120.2,1.045
,120.3,1.045
,120.4,1.046
,120.5,1.046
,120.6,1.046
,120.7,1.046
,120.8,1.046
,120.9,1.046
,121,1.046
,121.1,1.046
,121.2,1.046
,121.3,1.045
,121.4,1.045
,121.5,1.045
,121.6,1.045
,121.7,1.046
,121.8,1.046
,121.9,1.046
,122,1.046
,122.1,1.046
,122.2,1.046
,122.3,1.046
,122.4,1.046
,122.5,1.046
,122.6,1.045
,122.7,1.045
,122.8,1.045
,122.9,1.045
,123,1.046
,123.1,1.046
,123.2,1.046
,123.3,1.046
,123.4,1.046
,123.5,1.046
,123.6,1.046
,123.7,1.046
,123.8,1.046
,123.9,1.045
,124,1.045
,124.1,1.045
,124.2,1.045
,124.3,1.046
,124.4,1.046
,124.5,1.046
,124.6,1.046
,124.7,1.046
,124.8,1.046
,124.9,1.046
,125,1.046
,125.1,1.046
,125.2,1.045
,125.3,1.045
,125.4,1.045
,125.5,1.045
,125.6,1.046
,125.7,1.046
,125.8,1.046
,125.9,1.046
,126,1.046
,126.1,1.046
,126.2,1.046
,126.3,1.046
,126.4,1.046
,126.5,1.045
,126.6,1.045
,126.7,1.045
,126.8,1.045
,126.9,1.046
,127,1.046
,127.1,1.046
,127.2,1.046
,127.3,1.046
,127.4,1.046
,127.5,1.046
,127.6,1.046
,127.7,1.046
,127.8,1.045
,127.9,1.045
,128,1.045
,128.1,1.045
,128.2,1.046
,128.3,1.046
,128.4,1.046
,128.5,1.046
,128.6,1.046
,128.7,1.046
,128.8,1.046
,128.9,1.046
,129,1.046
,129.1,1.045
,129.2,1.045
,129.3,1.045
,129.4,1.045
,129.5,1.046
,129.6,1.046
,129.7,1.046
,129.8,1.046
,129.9,1.046
,130,1.046
,130.1,1.046
,130.2,1.046
,130.3,1.046
,130.4,1.045
,130.5,1.045
,130.6,1.045
,130.7,1.045
,130.8,1.046
,130.9,1.046
,131,1.046
,131.1,1.046
,131.2,1.046
,131.3,1.046
,131.4,1.046
,131.5,1.046
,131.6,1.046
,131.7,1.045
,131.8,1.045
,131.9,1.045
,132,1.045
,132.1,1.046
,132.2,1.046
,132.3,1.046
,132.4,1.046
,132.5,1.046
,132.6,1.046
,132.7,1.046
,132.8,1.046
,132.9,1.046
,133,1.045
,133.1,1.045
,133.2,1.045
,133.3,1.045
,133.4,1.046
,133.5,1.046
,133.6,1.046
,133.7,1.046
,133.8,1.046
,133.9,1.046
,134,1.046
,134.1,1.046
,134.2,1.046
,134.3,1.045
,134.4,1.045
,134.5,1.045
,134.6,1.045
,134.7,1.046
,134.8,1.046
,134.9,1.046
,135,1.046
,135.1,1.046
,135.2,1.046
,135.3,1.046
,135.4,1.046
,135.5,1.046
,135.6,1.045
,135.7,1.045
,135.8,1.045
,135.9,1.045
,136,1.046
,136.1,1.046
,136.2,1.046
,136.3,1.046
,136.4,1.046
,136.5,1.046
,136.6,1.046
,136.7,1.046
,136.8,1.046
,136.9,1.045
,137,1.045
,137.1,1.045
,137.2,1.045
,137.3,1.046
,137.4,1.046
,137.5,1.046
,137.6,1.046
,137.7,1.046
,137.8,1.046
,137.9,1.046
,138,1.046
,138.1,1.046
,138.2,1.045
,138.3,1.045
,138.4,1.045
,138.5,1.045
,138.6,1.046
,138.7,1.046
,138.8,1.046
,138.9,1.046
,139,1.046
,139.1,1.046
,139.2,1.046
,139.3,1.046
,139.4,1.046
,139.5,1.045
,139.6,1.045
,139.7,1.045
,139.8,1.045
,139.9,1.046
,140,1.046
,140.1,1.046
,140.2,1.046
,140.3,1.046
,140.4,1.046
,140.5,1.046
,140.6,1.046
,140.7,1.046
,140.8,1.045
,140.9,1.045
,141,1.045
,141.1,1.045
,141.2,1.046
,141.3,1.046
,141.4,1.046
,141.5,1.046
,141.6,1.046
,141.7,1.046
,141.8,1.046
,141.9,1.046
,142,1.046
,142.1,1.045
,142.2,1.045
,142.3,1.045
,142.4,1.045
,142.5,1.046
,142.6,1.046
,142.7,1.046
,142.8,1.046
,142.9,1.046
,143,1.046
,143.1,1.046
,143.2,1.046
,143.3,1.046
,143.4,1.045
,143.5,1.045
,143.6,1.045
,143.7,1.045
,143.8,1.046
,143.9,1.046
,144,1.046
,144.1,1.046
,144.2,1.046
,144.3,1.046
,144.4,1.046
,144.5,1.046
,144.6,1.046
,144.7,1.045
,144.8,1.045
,144.9,1.045
,145,1.045
,145.1,1.046
,145.2,1.046
,145.3,1.046
,145.4,1.046
,145.5,1.046
,145.6,1.046
,145.7,1.046
,145.8,1.046
,145.9,1.046
,146,1.045
,146.1,1.045
,146.2,1.045
,146.3,1.045
,146.4,1.046
,146.5,1.046
,146.6,1.046
,146.7,1.046
,146.8,1.046
,146.9,1.046
,147,1.046
,147.1,1.046
,147.2,1.046
,147.3,1.045
,147.4,1.045
,147.5,1.045
,147.6,1.045
,147.7,1.046
,147.8,1.046
,147.9,1.046
,148,1.046
,148.1,1.046
,148.2,1.046
,148.3,1.046
,148.4,1.046
,148.5,1.046
,148.6,1.045
,148.7,1.045
,148.8,1.045
,148.9,1.045
,149,1.046
,149.1,1.046
,149.2,1.046
,149.3,1.046
,149.4,1.046
,149.5,1.046
,149.6,1.046
,149.7,1.046
,149.8,1.046
,149.9,1.045
,150,1.045
,150.1,1.045
,150.2,1.045
,150.3,1.046
,150.4,1.046
,150.5,1.046
,150.6,1.046
,150.7,1.046
,150.8,1.046
,150.9,1.046
,151,1.046
,151.1,1.046
,151.2,1.045
,151.3,1.045
,151.4,1.045
,151.5,1.045
,151.6,1.046
,151.7,1.046
,151.8,1.046
,151.9,1.046
,152,1.046
,152.1,1.046
,152.2,1.046
,152.3,1.046
,152.4,1.046
,152.5,1.045
,152.6,1.045
,152.7,1.045
,152.8,1.045
,152.9,1.046
,153,1.046
,153.1,1.046
,153.2,1.046
,153.3,1.046
,153.4,1.046
,153.5,1.046
,153.6,1.046
,153.7,1.046
,153.8,1.045
,153.9,1.045
,154,1.045
,154.1,1.045
,154.2,1.046
,154.3,1.046
,154.4,1.046
,154.5,1.046
,154.6,1.046
,154.7,1.046
,154.8,1.046
,154.9,1.046
,155,1.046
,155.1,1.045
,155.2,1.045
,155.3,1.045
,155.4,1.045
,155.5,1.046
,155.6,1.046
,155.7,1.046
,155.8,1.046
,155.9,1.046
,156,1.046
,156.1,1.046
,156.2,1.046
,156.3,1.046
,156.4,1.045
,156.5,1.045
,156.6,1.045
,156.7,1.045
,156.8,1.046
,156.9,1.046
,157,1.046
,157.1,1.046
,157.2,1.046
,157.3,1.046
,157.4,1.046
,157.5,1.046
,157.6,1.046
,157.7,1.045
,157.8,1.045
,157.9,1.045
,158,1.045
,158.1,1.046
,158.2,1.046
,158.3,1.046
,158.4,1.046
,158.5,1.046
,158.6,1.046
,158.7,1.046
,158.8,1.046
,158.9,1.046
,159,1.045
,159.1,1.045
,159.2,1.045
,159.3,1.045
,159.4,1.046
,159.5,1.046
,159.6,1.046
,159.7,1.046
,159.8,1.046
,159.9,1.046
,160,1.046
,160.1,1.046
,160.2,1.046
,160.3,1.045
,160.4,1.045
,160.5,1.045
,160.6,1.045
,160.7,1.046
,160.8,1.046
,160.9,1.046
,161,1.046
,161.1,1.046
,161.2,1.046
,161.3,1.046
,161.4,1.046
,161.5,1.046
,161.6,1.045
,161.7,1.045
,161.8,1.045
,161.9,1.045
,162,1.044
,162.1,1.043
,162.2,1.042
,162.3,1.047
,162.4,1.046
,162.5,1.044
,162.6,1.043
,162.7,1.042
,162.8,1.045
,162.9,1.045
,163,1.045
,163.1,1.044
,163.2,1.043
,163.3,1.042
,163.4,1.047
,163.5,1.046
,163.6,1.044
,163.7,1.043
,163.8,1.042
,163.9,1.045
,164,1.045
,164.1,1.045
,164.2,1.044
,164.3,1.043
,164.4,1.042
,164.5,1.047
,164.6,1.046
,164.7,1.044
,164.8,1.043
,164.9,1.042
,165,1.045
,165.1,1.045
,165.2,1.045
,165.3,1.044
,165.4,1.043
,165.5,1.042
,165.6,1.047
,165.7,1.046
,165.8,1.044
,165.9,1.043
,166,1.042
,166.1,1.045
,166.2,1.045
,166.3,1.045
,166.4,1.044
,166.5,1.043
,166.6,1.042
,166.7,1.047
,166.8,1.046
,166.9,1.044
,167,1.043
,167.1,1.042
,167.2,1.045
,167.3,1.045
,167.4,1.045
,167.5,1.044
,167.6,1.043
,167.7,1.042
,167.8,1.047
,167.9,1.046
,168,1.044
,168.1,1.043
,168.2,1.042
,168.3,1.045
,168.4,1.045
,168.5,1.045
,168.6,1.044
,168.7,1.043
,168.8,1.042
,168.9,1.047
,169,1.046
,169.1,1.044
,169.2,1.043
,169.3,1.042
,169.4,1.045
,169.5,1.045
,169.6,1.045
,169.7,1.044
,169.8,1.043
,169.9,1.042
,170,1.047
,170.1,1.046
,170.2,1.044
,170.3,1.043
,170.4,1.042
,170.5,1.045
,170.6,1.045
,170.7,1.045
,170.8,1.044
,170.9,1.043
,171,1.042
,171.1,1.047
,171.2,1.046
,171.3,1.044
,171.4,1.043
,171.5,1.042
,171.6,1.045
,171.7,1.045
,171.8,1.045
,171.9,1.044
,172,1.043
,172.1,1.042
,172.2,1.047
,172.3,1.046
,172.4,1.044
,172.5,1.043
,172.6,1.042
,172.7,1.045
,172.8,1.045
,172.9,1.045
,173,1.044
,173.1,1.043
,173.2,1.042
,173.3,1.047
,173.4,1.046
,173.5,1.044
,173.6,1.043
,173.7,1.042
,173.8,1.045
,173.9,1.045
,174,1.045
,174.1,1.044
,174.2,1.043
,174.3,1.042
,174.4,1.047
,174.5,1.046
,174.6,1.044
,174.7,1.043
,174.8,1.042
,174.9,1.045
,175,1.045
,175.1,1.045
,175.2,1.044
,175.3,1.043
,175.4,1.042
,175.5,1.047
,175.6,1.046
,175.7,1.044
,175.8,1.043
,175.9,1.042
,176,1.045
,176.1,1.045
,176.2,1.045
,176.3,1.044
,176.4,1.043
,176.5,1.042
,176.6,1.047
,176.7,1.046
,176.8,1.044
,176.9,1.043
,177,1.042
,177.1,1.045
,177.2,1.045
,177.3,1.045
,177.4,1.044
,177.5,1.043
,177.6,1.042
,177.7,1.047
,177.8,1.046
,177.9,1.044
,178,1.043
,178.1,1.042
,178.2,1.045
,178.3,1.045
,178.4,1.045
,178.5,1.044
,178.6,1.043
,178.7,1.042
,178.8,1.047
,178.9,1.046
,179,1.044
,179.1,1.043
,179.2,1.042
,179.3,1.045
,179.4,1.045
,179.5,1.045
,179.6,1.044
,179.7,1.043
,179.8,1.042
,179.9,1.047
,180,1.046
,180.1,1.044
,180.2,1.043
,180.3,1.042
,180.4,1.045
,180.5,1.045
,180.6,1.045
,180.7,1.044
,180.8,1.043
,180.9,1.042
,181,1.047
,181.1,1.046
,181.2,1.044
,181.3,1.043
,181.4,1.042
,181.5,1.045
,181.6,1.045
,181.7,1.045
,181.8,1.044
,181.9,1.043
,182,1.042
,182.1,1.047
,182.2,1.046
,182.3,1.044
,182.4,1.043
,182.5,1.042
,182.6,1.045
,182.7,1.045
,182.8,1.045
,182.9,1.044
,183,1.043
,183.1,1.042
,183.2,1.047
,183.3,1.046
,183.4,1.044
,183.5,1.043
,183.6,1.042
,183.7,1.045
,183.8,1.045
,183.9,1.045
,184,1.044
,184.1,1.043
,184.2,1.042
,184.3,1.047
,184.4,1.046
,184.5,1.044
,184.6,1.043
,184.7,1.042
,184.8,1.045
,184.9,1.045
,185,1.045
,185.1,1.044
,185.2,1.043
,185.3,1.042
,185.4,1.047
,185.5,1.046
,185.6,1.044
,185.7,1.043
,185.8,1.042
,185.9,1.045
,186,1.045
,186.1,1.045
,186.2,1.044
,186.3,1.043
,186.4,1.042
,186.5,1.047
,186.6,1.046
,186.7,1.044
,186.8,1.043
,186.9,1.042
,187,1.045
,187.1,1.045
,187.2,1.045
,187.3,1.044
,187.4,1.043
,187.5,1.042
,187.6,1.047
,187.7,1.046
,187.8,1.044
,187.9,1.043
,188,1.042
,188.1,1.045
,188.2,1.045
,188.3,1.045
,188.4,1.044
,188.5,1.043
,188.6,1.042
,188.7,1.047
,188.8,1.046
,188.9,1.044
,189,1.043
,189.1,1.042
,189.2,1.045
,189.3,1.045
,189.4,1.045
,189.5,1.044
,189.6,1.043
,189.7,1.042
,189.8,1.047
,189.9,1.046
,190,1.044
,190.1,1.043
,190.2,1.042
,190.3,1.045
,190.4,1.045
,190.5,1.045
,190.6,1.044
,190.7,1.043
,190.8,1.042
,190.9,1.047
,191,1.046
,191.1,1.044
,191.2,1.043
,191.3,1.042
,191.4,1.045
,191.5,1.045
,191.6,1.045
,191.7,1.044
,191.8,1.043
,191.9,1.042
,192,1.047
,192.1,1.046
,192.2,1.044
,192.3,1.043
,192.4,1.042
,192.5,1.045
,192.6,1.045
,192.7,1.045
,192.8,1.044
,192.9,1.043
,193,1.042
,193.1,1.047
,193.2,1.046
,193.3,1.044
,193.4,1.043
,193.5,1.042
,193.6,1.045
,193.7,1.045
,193.8,1.045
,193.9,1.044
,194,1.043
,194.1,1.042
,194.2,1.047
,194.3,1.046
,194.4,1.044
,194.5,1.043
,194.6,1.042
,194.7,1.045
,194.8,1.045
,194.9,1.045
,195,1.044
,195.1,1.043
,195.2,1.042
,195.3,1.047
,195.4,1.046
,195.5,1.044
,195.6,1.043
,195.7,1.042
,195.8,1.045
,195.9,1.045
,196,1.045
,196.1,1.044
,196.2,1.043
,196.3,1.042
,196.4,1.047
,196.5,1.046
,196.6,1.044
,196.7,1.043
,196.8,1.042
,196.9,1.045
,197,1.045
,197.1,1.045
,197.2,1.044
,197.3,1.043
,197.4,1.042
,197.5,1.047
,197.6,1.046
,197.7,1.044
,197.8,1.043
,197.9,1.042
,198,1.045
,198.1,1.045
,198.2,1.045
,198.3,1.044
,198.4,1.043
,198.5,1.042
,198.6,1.047
,198.7,1.046
,198.8,1.044
,198.9,1.043
,199,1.042
,199.1,1.045
,199.2,1.045
,199.3,1.045
,199.4,1.044
,199.5,1.043
,199.6,1.042
,199.7,1.047
,199.8,1.046
,199.9,1.044
,200,1.043
,200.1,1.042
,200.2,1.045
,200.3,1.045
,200.4,1.045
,200.5,1.044
,200.6,1.043
,200.7,1.042
,200.8,1.047
,200.9,1.046
,201,1.044
,201.1,1.043
,201.2,1.042
,201.3,1.045
,201.4,1.045
,201.5,1.045
,201.6,1.044
,201.7,1.043
,201.8,1.042
,201.9,1.047
,202,1.046
,202.1,1.044
,202.2,1.043
,202.3,1.042
,202.4,1.045
,202.5,1.045
,202.6,1.045
,202.7,1.044
,202.8,1.043
,202.9,1.042
,203,1.047
,203.1,1.046
,203.2,1.044
,203.3,1.043
,203.4,1.042
,203.5,1.045
,203.6,1.045
,203.7,1.045
,203.8,1.044
,203.9,1.043
,204,1.042
,204.1,1.047
,204.2,1.046
,204.3,1.044
,204.4,1.043
,204.5,1.042
,204.6,1.045
,204.7,1.045
,204.8,1.045
,204.9,1.044
,205,1.043
,205.1,1.042
,205.2,1.047
,205.3,1.046
,205.4,1.044
,205.5,1.043
,205.6,1.042
,205.7,1.045
,205.8,1.045
,205.9,1.045
,206,1.044
,206.1,1.043
,206.2,1.042
,206.3,1.047
,206.4,1.046
,206.5,1.044
,206.6,1.043
,206.7,1.042
,206.8,1.045
,206.9,1.045
,207,1.045
,207.1,1.044
,207.2,1.043
,207.3,1.042
,207.4,1.047
,207.5,1.046
,207.6,1.044
,207.7,1.043
,207.8,1.042
,207.9,1.045
,208,1.045
,208.1,1.045
,208.2,1.044
,208.3,1.043
,208.4,1.042
,208.5,1.047
,208.6,1.046
,208.7,1.044
,208.8,1.043
,208.9,1.042
,209,1.045
,209.1,1.045
,209.2,1.044
,209.3,1.044
,209.4,1.044
,209.5,1.044
,209.6,1.044
,209.7,1.044
,209.8,1.044
,209.9,1.044
,210,1.044
,210.1,1.044
,210.2,1.044
,210.3,1.044
,210.4,1.044
,210.5,1.044
,210.6,1.044
,210.7,1.044
,210.8,1.044
,210.9,1.044
,211,1.044
,211.1,1.044
,211.2,1.044
,211.3,1.044
,211.4,1.044
,211.5,1.044
,211.6,1.044
,211.7,1.044
,211.8,1.044
,211.9,1.044
,212,1.044
,212.1,1.044
,212.2,1.044
,212.3,1.044
,212.4,1.044
,212.5,1.044
,212.6,1.044
,212.7,1.044
,212.8,1.044
,212.9,1.044
,213,1.044
,213.1,1.044
,213.2,1.044
,213.3,1.044
,213.4,1.044
,213.5,1.044
,213.6,1.044
,213.7,1.044
,213.8,1.044
,213.9,1.044
,214,1.044
,214.1,1.044
,214.2,1.044
,214.3,1.044
,214.4,1.044
,214.5,1.044
,214.6,1.044
,214.7,1.044
,214.8,1.044
,214.9,1.044
,215,1.044
,215.1,1.044
,215.2,1.044
,215.3,1.044
,215.4,1.044
,215.5,1.044
,215.6,1.044
,215.7,1.044
,215.8,1.044
,215.9,1.044
,216,1.044
,216.1,1.044
,216.2,1.044
,216.3,1.044
,216.4,1.044
,216.5,1.044
,216.6,1.044
,216.7,1.044
,216.8,1.044
,216.9,1.044
,217,1.044
,217.1,1.044
,217.2,1.044
,217.3,1.044
,217.4,1.044
,217.5,1.044
,217.6,1.044
,217.7,1.044
,217.8,1.044
,217.9,1.044
,218,1.044
,218.1,1.044
,218.2,1.044
,218.3,1.044
,218.4,1.044
,218.5,1.044
,218.6,1.044
,218.7,1.044
,218.8,1.044
,218.9,1.044
,219,1.044
,219.1,1.044
,219.2,1.044
,219.3,1.044
,219.4,1.044
,219.5,1.044
,219.6,1.044
,219.7,1.044
,219.8,1.044
,219.9,1.044
,220,1.044
,220.1,1.044
,220.2,1.044
,220.3,1.044
,220.4,1.044
,220.5,1.044
,220.6,1.044
,220.7,1.044
,220.8,1.044
,220.9,1.041
,221,1.041
,221.1,1.041
,221.2,1.041
,221.3,1.041
,221.4,1.041
,221.5,1.041
,221.6,1.041
,221.7,1.041
,221.8,1.041
,221.9,1.041
,222,1.041
,222.1,1.04
,222.2,1.04
,222.3,1.04
,222.4,1.04
,222.5,1.04
,222.6,1.039
,222.7,1.039
,222.8,1.039
,222.9,1.039
,223,1.039
,223.1,1.039
,223.2,1.039
,223.3,1.039
,223.4,1.039
,223.5,1.039
,223.6,1.039
,223.7,1.039
,223.8,1.039
,223.9,1.039
,224,1.039
,224.1,1.039
,224.2,1.039
,224.3,1.039
,224.4,1.039
,224.5,1.039
,224.6,1.039
,224.7,1.039
,224.8,1.039
,224.9,1.039
,225,1.039
,225.1,1.039
,225.2,1.039
,225.3,1.039
,225.4,1.039
,225.5,1.039
,225.6,1.039
,225.7,1.039
,225.8,1.039
,225.9,1.039
,226,1.039
,226.1,1.039
,226.2,1.039
,226.3,1.039
,226.4,1.039
,226.5,1.039
,226.6,1.039
,226.7,1.038
,226.8,1.038
,226.9,1.038
,227,1.038
,227.1,1.038
,227.2,1.038
,227.3,1.038
,227.4,1.038
,227.5,1.038
,227.6,1.038
,227.7,1.038
,227.8,1.038
,227.9,1.038
,228,1.04
,228.1,1.04
,228.2,1.04
,228.3,1.04
,228.4,1.04
,228.5,1.04
,228.6,1.039
,228.7,1.039
,228.8,1.039
,228.9,1.039
,229,1.039
,229.1,1.039
,229.2,1.039
,229.3,1.039
,229.4,1.038
,229.5,1.038
,229.6,1.038
,229.7,1.038
,229.8,1.038
,229.9,1.038
,230,1.038
,230.1,1.038
,230.2,1.038
,230.3,1.038
,230.4,1.038
,230.5,1.038
,230.6,1.038
,230.7,1.04
,230.8,1.04
,230.9,1.04
,231,1.04
,231.1,1.04
,231.2,1.04
,231.3,1.039
,231.4,1.039
,231.5,1.039
,231.6,1.039
,231.7,1.039
,231.8,1.039
,231.9,1.039
,232,1.039
,232.1,1.038
,232.2,1.038
,232.3,1.038
,232.4,1.038
,232.5,1.038
,232.6,1.038
,232.7,1.038
,232.8,1.038
,232.9,1.038
,233,1.038
,233.1,1.038
,233.2,1.038
,233.3,1.038
,233.4,1.04
,233.5,1.04
,233.6,1.04
,233.7,1.04
,233.8,1.04
,233.9,1.04
,234,1.039
,234.1,1.039
,234.2,1.039
,234.3,1.039
,234.4,1.039
,234.5,1.039
,234.6,1.039
,234.7,1.039
,234.8,1.038
,234.9,1.038
,235,1.038
,235.1,1.038
,235.2,1.038
,235.3,1.038
,235.4,1.038
,235.5,1.038
,235.6,1.038
,235.7,1.038
,235.8,1.038
,235.9,1.038
,236,1.038
,236.1,1.04
,236.2,1.04
,236.3,1.04
,236.4,1.04
,236.5,1.04
,236.6,1.04
,236.7,1.039
,236.8,1.039
,236.9,1.039
,237,1.039
,237.1,1.039
,237.2,1.039
,237.3,1.039
,237.4,1.039
,237.5,1.038
,237.6,1.038
,237.7,1.038
,237.8,1.038
,237.9,1.038
,238,1.038
,238.1,1.038
,238.2,1.038
,238.3,1.038
,238.4,1.038
,238.5,1.038
,238.6,1.038
,238.7,1.038
,238.8,1.04
,238.9,1.04
,239,1.04
,239.1,1.04
,239.2,1.04
,239.3,1.04
,239.4,1.039
,239.5,1.039
,239.6,1.039
,239.7,1.039
,239.8,1.039
,239.9,1.039
,240,1.039
,240.1,1.039
,240.2,1.038
,240.3,1.038
,240.4,1.038
,240.5,1.038
,240.6,1.038
,240.7,1.038
,240.8,1.038
,240.9,1.038
,241,1.038
,241.1,1.038
,241.2,1.038
,241.3,1.038
,241.4,1.038
,241.5,1.04
,241.6,1.04
,241.7,1.04
,241.8,1.04
,241.9,1.04
,242,1.04
,242.1,1.039
,242.2,1.039
,242.3,1.039
,242.4,1.039
,242.5,1.039
,242.6,1.039
,242.7,1.039
,242.8,1.039
,242.9,1.038
,243,1.038
,243.1,1.038
,243.2,1.038
,243.3,1.038
,243.4,1.038
,243.5,1.038
,243.6,1.038
,243.7,1.038
,243.8,1.038
,243.9,1.038
,244,1.038
,244.1,1.038
,244.2,1.04
,244.3,1.04
,244.4,1.04
,244.5,1.04
,244.6,1.04
,244.7,1.04
,244.8,1.039
,244.9,1.039
,245,1.039
,245.1,1.039
,245.2,1.039
,245.3,1.039
,245.4,1.039
,245.5,1.039
,245.6,1.038
,245.7,1.038
,245.8,1.038
,245.9,1.038
,246,1.038
,246.1,1.038
,246.2,1.038
,246.3,1.038
,246.4,1.038
,246.5,1.038
,246.6,1.038
,246.7,1.038
,246.8,1.038
,246.9,1.04
,247,1.04
,247.1,1.04
,247.2,1.04
,247.3,1.04
,247.4,1.04
,247.5,1.039
,247.6,1.039
,247.7,1.039
,247.8,1.039
,247.9,1.039
,248,1.039
,248.1,1.039
,248.2,1.039
,248.3,1.038
,248.4,1.038
,248.5,1.038
,248.6,1.038
,248.7,1.038
,248.8,1.038
,248.9,1.038
,249,1.038
,249.1,1.038
,249.2,1.038
,249.3,1.038
,249.4,1.038
,249.5,1.038
,249.6,1.04
,249.7,1.04
,249.8,1.04
,249.9,1.04
,250,1.04
,250.1,1.04
,250.2,1.039
,250.3,1.039
,250.4,1.039
,250.5,1.039
,250.6,1.039
,250.7,1.039
,250.8,1.039
,250.9,1.039
,251,1.038
,251.1,1.038
,251.2,1.038
,251.3,1.038
,251.4,1.038
,251.5,1.038
,251.6,1.038
,251.7,1.038
,251.8,1.038
,251.9,1.038
,252,1.038
,252.1,1.038
,252.2,1.038
,252.3,1.04
,252.4,1.04
,252.5,1.04
,252.6,1.04
,252.7,1.04
,252.8,1.04
,252.9,1.039
,253,1.039
,253.1,1.039
,253.2,1.039
,253.3,1.039
,253.4,1.039
,253.5,1.039
,253.6,1.039
,253.7,1.038
,253.8,1.038
,253.9,1.038
,254,1.038
,254.1,1.038
,254.2,1.038
,254.3,1.038
,254.4,1.038
,254.5,1.038
,254.6,1.038
,254.7,1.038
,254.8,1.038
,254.9,1.038
,255,1.04
,255.1,1.04
,255.2,1.04
,255.3,1.04
,255.4,1.04
,255.5,1.04
,255.6,1.039
,255.7,1.039
,255.8,1.039
,255.9,1.039
,256,1.039
,256.1,1.039
,256.2,1.039
,256.3,1.039
,256.4,1.038
,256.5,1.038
,256.6,1.038
,256.7,1.038
,256.8,1.038
,256.9,1.038
,257,1.038
,257.1,1.038
,257.2,1.038
,257.3,1.038
,257.4,1.038
,257.5,1.038
,257.6,1.038
,257.7,1.04
,257.8,1.04
,257.9,1.04
,258,1.04
,258.1,1.04
,258.2,1.04
,258.3,1.039
,258.4,1.039
,258.5,1.039
,258.6,1.039
,258.7,1.039
,258.8,1.039
,258.9,1.039
,259,1.039
,259.1,1.038
,259.2,1.038
,259.3,1.038
,259.4,1.038
,259.5,1.038
,259.6,1.038
,259.7,1.038
,259.8,1.038
,259.9,1.038
,260,1.038
,260.1,1.038
,260.2,1.038
,260.3,1.038
,260.4,1.04
,260.5,1.04
,260.6,1.04
,260.7,1.04
,260.8,1.04
,260.9,1.04
,261,1.039
,261.1,1.039
,261.2,1.039
,261.3,1.039
,261.4,1.039
,261.5,1.039
,261.6,1.039
,261.7,1.039
,261.8,1.038
,261.9,1.038
,262,1.038
,262.1,1.038
,262.2,1.038
,262.3,1.038
,262.4,1.038
,262.5,1.038
,262.6,1.038
,262.7,1.038
,262.8,1.038
,262.9,1.038
,263,1.038
,263.1,1.04
,263.2,1.04
,263.3,1.04
,263.4,1.04
,263.5,1.04
,263.6,1.04
,263.7,1.039
,263.8,1.039
,263.9,1.039
,264,1.039
,264.1,1.039
,264.2,1.039
,264.3,1.039
,264.4,1.039
,264.5,1.038
,264.6,1.038
,264.7,1.038
,264.8,1.038
,264.9,1.038
,265,1.038
,265.1,1.038
,265.2,1.038
,265.3,1.038
,265.4,1.038
,265.5,1.038
,265.6,1.038
,265.7,1.038
,265.8,1.04
,265.9,1.04
,266,1.04
,266.1,1.04
,266.2,1.04
,266.3,1.04
,266.4,1.039
,266.5,1.039
,266.6,1.039
,266.7,1.039
,266.8,1.039
,266.9,1.039
,267,1.039
,267.1,1.039
,267.2,1.038
,267.3,1.038
,267.4,1.038
,267.5,1.038
,267.6,1.038
,267.7,1.038
,267.8,1.038
,267.9,1.038
,268,1.038
,268.1,1.038
,268.2,1.038
,268.3,1.038
,268.4,1.038
,268.5,1.04
,268.6,1.04
,268.7,1.04
,268.8,1.04
,268.9,1.04
,269,1.04
,269.1,1.039
,269.2,1.039
,269.3,1.039
,269.4,1.039
,269.5,1.039
,269.6,1.039
,269.7,1.039
,269.8,1.039
,269.9,1.038
,270,1.038
,270.1,1.038
,270.2,1.038
,270.3,1.038
,270.4,1.038
,270.5,1.038
,270.6,1.038
,270.7,1.038
,270.8,1.038
,270.9,1.038
,271,1.038
,271.1,1.038
,271.2,1.04
,271.3,1.04
,271.4,1.04
,271.5,1.04
,271.6,1.04
,271.7,1.04
,271.8,1.039
,271.9,1.039
,272,1.039
,272.1,1.039
,272.2,1.039
,272.3,1.039
,272.4,1.039
,272.5,1.039
,272.6,1.038
,272.7,1.038
,272.8,1.038
,272.9,1.038
,273,1.038
,273.1,1.038
,273.2,1.038
,273.3,1.038
,273.4,1.038
,273.5,1.038
,273.6,1.038
,273.7,1.038
,273.8,1.038
,273.9,1.04
,274,1.04
,274.1,1.04
,274.2,1.04
,274.3,1.04
,274.4,1.04
,274.5,1.039
,274.6,1.039
,274.7,1.039
,274.8,1.039
,274.9,1.039
,275,1.039
,275.1,1.039
,275.2,1.039
,275.3,1.038
,275.4,1.038
,275.5,1.038
,275.6,1.038
,275.7,1.038
,275.8,1.038
,275.9,1.038
,276,1.038
,276.1,1.038
,276.2,1.038
,276.3,1.038
,276.4,1.038
,276.5,1.038
,276.6,1.04
,276.7,1.04
,276.8,1.04
,276.9,1.04
,277,1.04
,277.1,1.04
,277.2,1.039
,277.3,1.039
,277.4,1.039
,277.5,1.039
,277.6,1.038
,277.7,1.039
,277.8,1.039
,277.9,1.039
,278,1.039
,278.1,1.038
,278.2,1.038
,278.3,1.038
,278.4,1.039
,278.5,1.039
,278.6,1.039
,278.7,1.039
,278.8,1.039
,278.9,1.039
,279,1.039
,279.1,1.038
,279.2,1.039
,279.3,1.039
,279.4,1.039
,279.5,1.039
,279.6,1.038
,279.7,1.038
,279.8,1.038
,279.9,1.039
,280,1.039
,280.1,1.039
,280.2,1.039
,280.3,1.039
,280.4,1.039
,280.5,1.039
,280.6,1.039
,280.7,1.038
,280.8,1.039
,280.9,1.039
,281,1.039
,281.1,1.039
,281.2,1.038
,281.3,1.038
,281.4,1.038
,281.5,1.039
,281.6,1.039
,281.7,1.039
,281.8,1.039
,281.9,1.039
,282,1.038
,282.1,1.038
,282.2,1.038
,282.3,1.038
,282.4,1.038
,282.5,1.038
,282.6,1.038
,282.7,1.038
,282.8,1.038
,282.9,1.038
,283,1.038
,283.1,1.038
,283.2,1.038
,283.3,1.038
,283.4,1.038
,283.5,1.038
,283.6,1.038
,283.7,1.038
,283.8,1.038
,283.9,1.038
,284,1.038
,284.1,1.038
,284.2,1.038
,284.3,1.038
,284.4,1.038
,284.5,1.038
,284.6,1.038
,284.7,1.038
,284.8,1.038
,284.9,1.038
,285,1.038
,285.1,1.038
,285.2,1.038
,285.3,1.038
,285.4,1.038
,285.5,1.038
,285.6,1.038
,285.7,1.038
,285.8,1.038
,285.9,1.037
,286,1.037
,286.1,1.037
,286.2,1.037
,286.3,1.037
,286.4,1.037
,286.5,1.038
,286.6,1.038
,286.7,1.038
,286.8,1.038
,286.9,1.037
,287,1.037
,287.1,1.037
,287.2,1.037
,287.3,1.037
,287.4,1.037
,287.5,1.038
,287.6,1.038
,287.7,1.038
,287.8,1.038
,287.9,1.037
,288,1.037
,288.1,1.037
,288.2,1.037
,288.3,1.037
,288.4,1.037
,288.5,1.038
,288.6,1.038
,288.7,1.038
,288.8,1.038
,288.9,1.037
,289,1.037
,289.1,1.036
,289.2,1.036
,289.3,1.036
,289.4,1.036
,289.5,1.037
,289.6,1.039
,289.7,1.038
,289.8,1.038
,289.9,1.038
,290,1.039
,290.1,1.039
,290.2,1.039
,290.3,1.039
,290.4,1.039
,290.5,1.038
,290.6,1.038
,290.7,1.038
,290.8,1.038
,290.9,1.038
,291,1.038
,291.1,1.038
,291.2,1.038
,291.3,1.038
,291.4,1.038
,291.5,1.038
,291.6,1.038
,291.7,1.038
,291.8,1.038
,291.9,1.038
,292,1.038
,292.1,1.038
,292.2,1.038
,292.3,1.038
,292.4,1.038
,292.5,1.038
,292.6,1.038
,292.7,1.038
,292.8,1.038
,292.9,1.038
,293,1.038
,293.1,1.038
,293.2,1.038
,293.3,1.038
,293.4,1.038
,293.5,1.038
,293.6,1.038
,293.7,1.038
,293.8,1.038
,293.9,1.038
,294,1.038
,294.1,1.038
,294.2,1.038
,294.3,1.038
,294.4,1.037
,294.5,1.037
,294.6,1.037
,294.7,1.037
,294.8,1.037
,294.9,1.037
,295,1.038
,295.1,1.038
,295.2,1.038
,295.3,1.038
,295.4,1.037
,295.5,1.037
,295.6,1.037
,295.7,1.037
,295.8,1.037
,295.9,1.037
,296,1.038
,296.1,1.038
,296.2,1.038
,296.3,1.038
,296.4,1.037
,296.5,1.037
,296.6,1.037
,296.7,1.037
,296.8,1.037
,296.9,1.037
,297,1.038
,297.1,1.038
,297.2,1.038
,297.3,1.038
,297.4,1.037
,297.5,1.037
,297.6,1.036
,297.7,1.036
,297.8,1.036
,297.9,1.036
,298,1.037
,298.1,1.039
,298.2,1.038
,298.3,1.038
,298.4,1.038
,298.5,1.039
,298.6,1.039
,298.7,1.039
,298.8,1.039
,298.9,1.039
,299,1.038
,299.1,1.038
,299.2,1.038
,299.3,1.038
,299.4,1.038
,299.5,1.038
,299.6,1.038
,299.7,1.038
,299.8,1.038
,299.9,1.038
,300,1.038
,300.1,1.038
,300.2,1.038
,300.3,1.038
,300.4,1.038
,300.5,1.038
,300.6,1.038
,300.7,1.038
,300.8,1.038
,300.9,1.038
,301,1.038
,301.1,1.038
,301.2,1.038
,301.3,1.038
,301.4,1.038
,301.5,1.038
,301.6,1.038
,301.7,1.038
,301.8,1.038
,301.9,1.038
,302,1.038
,302.1,1.038
,302.2,1.038
,302.3,1.038
,302.4,1.038
,302.5,1.038
,302.6,1.038
,302.7,1.038
,302.8,1.038
,302.9,1.037
,303,1.037
,303.1,1.037
,303.2,1.037
,303.3,1.037
,303.4,1.037
,303.5,1.038
,303.6,1.038
,303.7,1.038
,303.8,1.038
,303.9,1.037
,304,1.037
,304.1,1.037
,304.2,1.037
,304.3,1.037
,304.4,1.037
,304.5,1.038
,304.6,1.038
,304.7,1.038
,304.8,1.038
,304.9,1.037
,305,1.037
,305.1,1.037
,305.2,1.037
,305.3,1.037
,305.4,1.037
,305.5,1.038
,305.6,1.038
,305.7,1.038
,305.8,1.038
,305.9,1.037
,306,1.037
,306.1,1.036
,306.2,1.036
,306.3,1.036
,306.4,1.036
,306.5,1.037
,306.6,1.039
,306.7,1.038
,306.8,1.038
,306.9,1.038
,307,1.039
,307.1,1.039
,307.2,1.039
,307.3,1.039
,307.4,1.039
,307.5,1.038
,307.6,1.038
,307.7,1.038
,307.8,1.038
,307.9,1.038
,308,1.038
,308.1,1.038
,308.2,1.038
,308.3,1.038
,308.4,1.038
,308.5,1.038
,308.6,1.038
,308.7,1.038
,308.8,1.038
,308.9,1.038
,309,1.038
,309.1,1.038
,309.2,1.038
,309.3,1.038
,309.4,1.038
,309.5,1.038
,309.6,1.038
,309.7,1.038
,309.8,1.038
,309.9,1.038
,310,1.038
,310.1,1.038
,310.2,1.038
,310.3,1.038
,310.4,1.038
,310.5,1.038
,310.6,1.038
,310.7,1.038
,310.8,1.038
,310.9,1.038
,311,1.038
,311.1,1.038
,311.2,1.038
,311.3,1.038
,311.4,1.037
,311.5,1.037
,311.6,1.037
,311.7,1.037
,311.8,1.037
,311.9,1.037
,312,1.038
,312.1,1.038
,312.2,1.038
,312.3,1.038
,312.4,1.037
,312.5,1.037
,312.6,1.037
,312.7,1.037
,312.8,1.037
,312.9,1.037
,313,1.038
,313.1,1.038
,313.2,1.038
,313.3,1.038
,313.4,1.037
,313.5,1.037
,313.6,1.037
,313.7,1.037
,313.8,1.037
,313.9,1.037
,314,1.038
,314.1,1.038
,314.2,1.038
,314.3,1.038
,314.4,1.037
,314.5,1.037
,314.6,1.036
,314.7,1.036
,314.8,1.036
,314.9,1.036
,315,1.037
,315.1,1.039
,315.2,1.038
,315.3,1.038
,315.4,1.038
,315.5,1.039
,315.6,1.039
,315.7,1.039
,315.8,1.039
,315.9,1.039
,316,1.038
,316.1,1.038
,316.2,1.038
,316.3,1.038
,316.4,1.038
,316.5,1.038
,316.6,1.038
,316.7,1.038
,316.8,1.038
,316.9,1.038
,317,1.038
,317.1,1.038
,317.2,1.038
,317.3,1.038
,317.4,1.038
,317.5,1.038
,317.6,1.038
,317.7,1.038
,317.8,1.038
,317.9,1.038
,318,1.038
,318.1,1.038
,318.2,1.038
,318.3,1.038
,318.4,1.038
,318.5,1.038
,318.6,1.038
,318.7,1.038
,318.8,1.038
,318.9,1.038
,319,1.038
,319.1,1.038
,319.2,1.038
,319.3,1.038
,319.4,1.038
,319.5,1.038
,319.6,1.038
,319.7,1.038
,319.8,1.038
,319.9,1.037
,320,1.037
,320.1,1.037
,320.2,1.037
,320.3,1.037
,320.4,1.037
,320.5,1.038
,320.6,1.038
,320.7,1.038
,320.8,1.038
,320.9,1.037
,321,1.037
,321.1,1.037
,321.2,1.037
,321.3,1.037
,321.4,1.037
,321.5,1.038
,321.6,1.038
,321.7,1.038
,321.8,1.038
,321.9,1.037
,322,1.037
,322.1,1.037
,322.2,1.037
,322.3,1.037
,322.4,1.037
,322.5,1.038
,322.6,1.038
,322.7,1.038
,322.8,1.038
,322.9,1.037
,323,1.037
,323.1,1.036
,323.2,1.036
,323.3,1.036
,323.4,1.036
,323.5,1.037
,323.6,1.039
,323.7,1.038
,323.8,1.038
,323.9,1.038
,324,1.039
,324.1,1.039
,324.2,1.039
,324.3,1.039
,324.4,1.039
,324.5,1.038
,324.6,1.038
,324.7,1.038
,324.8,1.038
,324.9,1.038
,325,1.038
,325.1,1.038
,325.2,1.038
,325.3,1.038
,325.4,1.038
,325.5,1.038
,325.6,1.038
,325.7,1.038
,325.8,1.038
,325.9,1.038
,326,1.038
,326.1,1.038
,326.2,1.038
,326.3,1.038
,326.4,1.038
,326.5,1.038
,326.6,1.038
,326.7,1.038
,326.8,1.038
,326.9,1.038
,327,1.038
,327.1,1.038
,327.2,1.038
,327.3,1.038
,327.4,1.038
,327.5,1.038
,327.6,1.038
,327.7,1.038
,327.8,1.038
,327.9,1.038
,328,1.038
,328.1,1.038
,328.2,1.038
,328.3,1.038
,328.4,1.037
,328.5,1.037
,328.6,1.037
,328.7,1.037
,328.8,1.037
,328.9,1.037
,329,1.038
,329.1,1.038
,329.2,1.038
,329.3,1.038
,329.4,1.037
,329.5,1.037
,329.6,1.037
,329.7,1.037
,329.8,1.037
,329.9,1.037
,330,1.038
,330.1,1.038
,330.2,1.038
,330.3,1.038
,330.4,1.037
,330.5,1.037
,330.6,1.037
,330.7,1.037
,330.8,1.037
,330.9,1.037
,331,1.038
,331.1,1.038
,331.2,1.038
,331.3,1.038
,331.4,1.037
,331.5,1.037
,331.6,1.036
,331.7,1.036
,331.8,1.036
,331.9,1.036
,332,1.037
,332.1,1.039
,332.2,1.038
,332.3,1.038
,332.4,1.038
,332.5,1.039
,332.6,1.039
,332.7,1.039
,332.8,1.039
,332.9,1.039
,333,1.038
,333.1,1.038
,333.2,1.038
,333.3,1.038
,333.4,1.038
,333.5,1.038
,333.6,1.038
,333.7,1.038
,333.8,1.038
,333.9,1.038
,334,1.038
,334.1,1.038
,334.2,1.038
,334.3,1.038
,334.4,1.038
,334.5,1.038
,334.6,1.038
,334.7,1.038
,334.8,1.038
,334.9,1.038
,335,1.038
,335.1,1.038
,335.2,1.038
,335.3,1.038
,335.4,1.038
,335.5,1.038
,335.6,1.038
,335.7,1.038
,335.8,1.038
,335.9,1.038
,336,1.038
,336.1,1.038
,336.2,1.038
,336.3,1.038
,336.4,1.038
,336.5,1.038
,336.6,1.038
,336.7,1.038
,336.8,1.038
,336.9,1.037
,337,1.037
,337.1,1.037
,337.2,1.037
,337.3,1.037
,337.4,1.037
,337.5,1.038
,337.6,1.038
,337.7,1.038
,337.8,1.038
,337.9,1.037
,338,1.037
,338.1,1.037
,338.2,1.037
,338.3,1.037
,338.4,1.037
,338.5,1.038
,338.6,1.038
,338.7,1.038
,338.8,1.038
,338.9,1.037
,339,1.037
,339.1,1.037
,339.2,1.037
,339.3,1.037
,339.4,1.037
,339.5,1.038
,339.6,1.038
,339.7,1.038
,339.8,1.038
,339.9,1.037
,340,1.037
,340.1,1.036
,340.2,1.036
,340.3,1.036
,340.4,1.036
,340.5,1.037
,340.6,1.039
,340.7,1.038
,340.8,1.038
,340.9,1.038
,341,1.039
,341.1,1.039
,341.2,1.039
,341.3,1.039
,341.4,1.039
,341.5,1.038
,341.6,1.038
,341.7,1.038
,341.8,1.038
,341.9,1.038
,342,1.038
,342.1,1.038
,342.2,1.038
,342.3,1.038
,342.4,1.038
,342.5,1.038
,342.6,1.038
,342.7,1.038
,342.8,1.038
,342.9,1.038
,343,1.038
,343.1,1.038
,343.2,1.038
,343.3,1.038
,343.4,1.038
,343.5,1.038
,343.6,1.038
,343.7,1.038
,343.8,1.038
,343.9,1.038
,344,1.038
,344.1,1.038
,344.2,1.038
,344.3,1.038
,344.4,1.038
,344.5,1.038
,344.6,1.038
,344.7,1.038
,344.8,1.038
,344.9,1.038
,345,1.038
,345.1,1.038
,345.2,1.038
,345.3,1.038
,345.4,1.037
,345.5,1.037
,345.6,1.037
,345.7,1.037
,345.8,1.037
,345.9,1.037
,346,1.038
,346.1,1.038
,346.2,1.038
,346.3,1.038
,346.4,1.037
,346.5,1.037
,346.6,1.037
,346.7,1.037
,346.8,1.037
,346.9,1.037
,347,1.038
,347.1,1.038
,347.2,1.038
,347.3,1.038
,347.4,1.037
,347.5,1.037
,347.6,1.037
,347.7,1.037
,347.8,1.037
,347.9,1.037
,348,1.038
,348.1,1.038
,348.2,1.038
,348.3,1.038
,348.4,1.037
,348.5,1.037
,348.6,1.036
,348.7,1.036
,348.8,1.036
,348.9,1.036
,349,1.037
,349.1,1.039
,349.2,1.038
,349.3,1.038
,349.4,1.038
,349.5,1.039
,349.6,1.039
,349.7,1.039
,349.8,1.039
,349.9,1.039
,350,1.038
,350.1,1.038
,350.2,1.038
,350.3,1.038
,350.4,1.038
,350.5,1.038
,350.6,1.038
,350.7,1.038
,350.8,1.038
,350.9,1.038
,351,1.038
,351.1,1.038
,351.2,1.038
,351.3,1.038
,351.4,1.038
,351.5,1.038
,351.6,1.038
,351.7,1.038
,351.8,1.038
,351.9,1.038
,352,1.038
,352.1,1.038
,352.2,1.038
,352.3,1.038
,352.4,1.038
,352.5,1.038
,352.6,1.038
,352.7,1.038
,352.8,1.038
,352.9,1.038
,353,1.038
,353.1,1.038
,353.2,1.038
,353.3,1.038
,353.4,1.038
,353.5,1.038
,353.6,1.038
,353.7,1.038
,353.8,1.038
,353.9,1.037
,354,1.037
,354.1,1.037
,354.2,1.037
,354.3,1.037
,354.4,1.037
,354.5,1.038
,354.6,1.038
,354.7,1.038
,354.8,1.038
,354.9,1.037
,355,1.037
,355.1,1.037
,355.2,1.037
,355.3,1.037
,355.4,1.037
,355.5,1.038
,355.6,1.038
,355.7,1.038
,355.8,1.038
,355.9,1.037
,356,1.037
,356.1,1.037
,356.2,1.037
,356.3,1.037
,356.4,1.037
,356.5,1.038
,356.6,1.038
,356.7,1.038
,356.8,1.038
,356.9,1.037
,357,1.037
,357.1,1.036
,357.2,1.036
,357.3,1.036
,357.4,1.036
,357.5,1.037
,357.6,1.039
,357.7,1.038
,357.8,1.038
,357.9,1.038
,358,1.039
,358.1,1.039
,358.2,1.039
,358.3,1.039
,358.4,1.039
,358.5,1.038
,358.6,1.038
,358.7,1.038
,358.8,1.038
,358.9,1.038
,359,1.038
,359.1,1.038
,359.2,1.038
,359.3,1.038
,359.4,1.038
,359.5,1.038
,359.6,1.038
,359.7,1.038
,359.8,1.038
,359.9,1.038
,360,1.038
,360.1,1.038
,360.2,1.038
,360.3,1.038
,360.4,1.038
,360.5,1.038
,360.6,1.038
,360.7,1.038
,360.8,1.038
,360.9,1.038
,361,1.038
,361.1,1.038
,361.2,1.038
,361.3,1.038
,361.4,1.038
,361.5,1.038
,361.6,1.038
,361.7,1.038
,361.8,1.038
,361.9,1.038
,362,1.038
,362.1,1.038
,362.2,1.038
,362.3,1.038
,362.4,1.037
,362.5,1.037
,362.6,1.037
,362.7,1.037
,362.8,1.037
,362.9,1.037
,363,1.038
,363.1,1.038
,363.2,1.038
,363.3,1.038
,363.4,1.037
,363.5,1.037
,363.6,1.037
,363.7,1.037
,363.8,1.037
,363.9,1.037
,364,1.038
,364.1,1.038
,364.2,1.038
,364.3,1.038
,364.4,1.037
,364.5,1.037
,364.6,1.037
,364.7,1.037
,364.8,1.037
,364.9,1.037
,365,1.038
,365.1,1.038
,365.2,1.038
,365.3,1.038
,365.4,1.037
,365.5,1.037
,365.6,1.036
,365.7,1.036
,365.8,1.036
,365.9,1.036
,366,1.037
,366.1,1.039
,366.2,1.038
,366.3,1.038
,366.4,1.038
,366.5,1.039
,366.6,1.039
,366.7,1.039
,366.8,1.039
,366.9,1.039
,367,1.038
,367.1,1.038
,367.2,1.038
,367.3,1.038
,367.4,1.038
,367.5,1.038
,367.6,1.038
,367.7,1.038
,367.8,1.038
,367.9,1.038
,368,1.038
,368.1,1.038
,368.2,1.038
,368.3,1.038
,368.4,1.038
,368.5,1.038
,368.6,1.038
,368.7,1.038
,368.8,1.038
,368.9,1.038
,369,1.038
,369.1,1.038
,369.2,1.038
,369.3,1.038
,369.4,1.038
,369.5,1.038
,369.6,1.038
,369.7,1.038
,369.8,1.038
,369.9,1.038
,370,1.038
,370.1,1.038
,370.2,1.038
,370.3,1.038
,370.4,1.038
,370.5,1.038
,370.6,1.038
,370.7,1.038
,370.8,1.038
,370.9,1.037
,371,1.037
,371.1,1.037
,371.2,1.037
,371.3,1.037
,371.4,1.037
,371.5,1.038
,371.6,1.038
,371.7,1.038
,371.8,1.038
,371.9,1.037
,372,1.037
,372.1,1.037
,372.2,1.037
,372.3,1.037
,372.4,1.037
,372.5,1.038
,372.6,1.038
,372.7,1.038
,372.8,1.038
,372.9,1.037
,373,1.037
,373.1,1.037
,373.2,1.037
,373.3,1.037
,373.4,1.037
,373.5,1.038
,373.6,1.038
,373.7,1.038
,373.8,1.038
,373.9,1.037
,374,1.037
,374.1,1.036
,374.2,1.036
,374.3,1.036
,374.4,1.036
,374.5,1.037
,374.6,1.039
,374.7,1.038
,374.8,1.038
,374.9,1.038
,375,1.039
,375.1,1.039
,375.2,1.039
,375.3,1.039
,375.4,1.039
,375.5,1.038
,375.6,1.038
,375.7,1.038
,375.8,1.038
,375.9,1.038
,376,1.038
,376.1,1.038
,376.2,1.038
,376.3,1.038
,376.4,1.038
,376.5,1.038
,376.6,1.038
,376.7,1.038
,376.8,1.038
,376.9,1.038
,377,1.038
,377.1,1.038
,377.2,1.038
,377.3,1.038
,377.4,1.038
,377.5,1.038
,377.6,1.038
,377.7,1.038
,377.8,1.038
,377.9,1.038
,378,1.038
,378.1,1.038
,378.2,1.038
,378.3,1.038
,378.4,1.038
,378.5,1.038
,378.6,1.038
,378.7,1.038
,378.8,1.038
,378.9,1.038
,379,1.038
,379.1,1.038
,379.2,1.038
,379.3,1.038
,379.4,1.037
,379.5,1.037
,379.6,1.037
,379.7,1.037
,379.8,1.037
,379.9,1.037
,380,1.038
,380.1,1.038
,380.2,1.038
,380.3,1.038
,380.4,1.037
,380.5,1.037
,380.6,1.037
,380.7,1.037
,380.8,1.037
,380.9,1.037
,381,1.038
,381.1,1.038
,381.2,1.038
,381.3,1.038
,381.4,1.037
,381.5,1.037
,381.6,1.037
,381.7,1.037
,381.8,1.037
,381.9,1.037
,382,1.038
,382.1,1.038
,382.2,1.038
,382.3,1.038
,382.4,1.037
,382.5,1.037
,382.6,1.036
,382.7,1.036
,382.8,1.036
,382.9,1.036
,383,1.037
,383.1,1.039
,383.2,1.038
,383.3,1.038
,383.4,1.038
,383.5,1.039
,383.6,1.039
,383.7,1.039
,383.8,1.039
,383.9,1.039
,384,1.038
,384.1,1.038
,384.2,1.038
,384.3,1.038
,384.4,1.038
,384.5,1.038
,384.6,1.038
,384.7,1.038
,384.8,1.038
,384.9,1.038
,385,1.038
,385.1,1.038
,385.2,1.038
,385.3,1.038
,385.4,1.038
,385.5,1.038
,385.6,1.038
,385.7,1.038
,385.8,1.038
,385.9,1.038
,386,1.038
,386.1,1.038
,386.2,1.038
,386.3,1.038
,386.4,1.038
,386.5,1.038
,386.6,1.038
,386.7,1.038
,386.8,1.038
,386.9,1.038
,387,1.038
,387.1,1.038
,387.2,1.038
,387.3,1.038
,387.4,1.038
,387.5,1.038
,387.6,1.038
,387.7,1.038
,387.8,1.038
,387.9,1.037
,388,1.037
,388.1,1.037
,388.2,1.037
,388.3,1.037
,388.4,1.037
,388.5,1.038
,388.6,1.038
,388.7,1.038
,388.8,1.038
,388.9,1.037
,389,1.037
,389.1,1.037
,389.2,1.037
,389.3,1.037
,389.4,1.037
,389.5,1.038
,389.6,1.038
,389.7,1.038
,389.8,1.038
,389.9,1.037
,390,1.037
,390.1,1.037
,390.2,1.037
,390.3,1.036
,390.4,1.036
,390.5,1.036
,390.6,1.036
,390.7,1.036
,390.8,1.037
,390.9,1.037
,391,1.037
,391.1,1.037
,391.2,1.036
,391.3,1.036
,391.4,1.036
,391.5,1.036
,391.6,1.036
,391.7,1.037
,391.8,1.037
,391.9,1.037
,392,1.037
,392.1,1.036
,392.2,1.036
,392.3,1.036
,392.4,1.036
,392.5,1.036
,392.6,1.037
,392.7,1.037
,392.8,1.037
,392.9,1.037
,393,1.036
,393.1,1.036
,393.2,1.036
,393.3,1.036
,393.4,1.036
,393.5,1.037
,393.6,1.037
,393.7,1.037
,393.8,1.037
,393.9,1.037
,394,1.037
,394.1,1.037
,394.2,1.036
,394.3,1.035
,394.4,1.034
,394.5,1.035
,394.6,1.036
,394.7,1.037
,394.8,1.037
,394.9,1.036
,395,1.035
,395.1,1.034
,395.2,1.035
,395.3,1.036
,395.4,1.037
,395.5,1.037
,395.6,1.036
,395.7,1.035
,395.8,1.034
,395.9,1.035
,396,1.036
,396.1,1.037
,396.2,1.037
,396.3,1.036
,396.4,1.035
,396.5,1.034
,396.6,1.035
,396.7,1.036
,396.8,1.037
,396.9,1.037
,397,1.036
,397.1,1.035
,397.2,1.034
,397.3,1.035
,397.4,1.036
,397.5,1.037
,397.6,1.037
,397.7,1.036
,397.8,1.035
,397.9,1.034
,398,1.035
,398.1,1.036
,398.2,1.037
,398.3,1.037
,398.4,1.036
,398.5,1.035
,398.6,1.034
,398.7,1.035
,398.8,1.036
,398.9,1.037
,399,1.037
,399.1,1.036
,399.2,1.035
,399.3,1.034
,399.4,1.035
,399.5,1.036
,399.6,1.037
,399.7,1.037
,399.8,1.036
,399.9,1.035
,400,1.034
,400.1,1.035
,400.2,1.036
,400.3,1.037
,400.4,1.037
,400.5,1.036
,400.6,1.035
,400.7,1.034
,400.8,1.035
,400.9,1.036
,401,1.037
,401.1,1.037
,401.2,1.036
,401.3,1.035
,401.4,1.034
,401.5,1.035
,401.6,1.036
,401.7,1.037
,401.8,1.037
,401.9,1.036
,402,1.035
,402.1,1.034
,402.2,1.035
,402.3,1.036
,402.4,1.037
,402.5,1.037
,402.6,1.036
,402.7,1.035
,402.8,1.034
,402.9,1.035
,403,1.036
,403.1,1.037
,403.2,1.037
,403.3,1.036
,403.4,1.035
,403.5,1.034
,403.6,1.035
,403.7,1.036
,403.8,1.037
,403.9,1.037
,404,1.036
,404.1,1.035
,404.2,1.034
,404.3,1.035
,404.4,1.036
,404.5,1.037
,404.6,1.037
,404.7,1.036
,404.8,1.035
,404.9,1.034
,405,1.035
,405.1,1.036
,405.2,1.037
,405.3,1.037
,405.4,1.036
,405.5,1.035
,405.6,1.034
,405.7,1.035
,405.8,1.036
,405.9,1.037
,406,1.037
,406.1,1.036
,406.2,1.035
,406.3,1.034
,406.4,1.035
,406.5,1.036
,406.6,1.037
,406.7,1.037
,406.8,1.036
,406.9,1.035
,407,1.034
,407.1,1.035
,407.2,1.036
,407.3,1.037
,407.4,1.037
,407.5,1.036
,407.6,1.035
,407.7,1.034
,407.8,1.035
,407.9,1.036
,408,1.037
,408.1,1.037
,408.2,1.036
,408.3,1.035
,408.4,1.034
,408.5,1.035
,408.6,1.036
,408.7,1.037
,408.8,1.037
,408.9,1.036
,409,1.035
,409.1,1.034
,409.2,1.035
,409.3,1.036
,409.4,1.037
,409.5,1.037
,409.6,1.036
,409.7,1.035
,409.8,1.034
,409.9,1.035
,410,1.036
,410.1,1.037
,410.2,1.037
,410.3,1.036
,410.4,1.035
,410.5,1.034
,410.6,1.035
,410.7,1.036
,410.8,1.037
,410.9,1.037
,411,1.036
,411.1,1.035
,411.2,1.034
,411.3,1.035
,411.4,1.036
,411.5,1.037
,411.6,1.037
,411.7,1.036
,411.8,1.035
,411.9,1.034
,412,1.035
,412.1,1.036
,412.2,1.037
,412.3,1.037
,412.4,1.036
,412.5,1.035
,412.6,1.034
,412.7,1.035
,412.8,1.036
,412.9,1.037
,413,1.037
,413.1,1.036
,413.2,1.035
,413.3,1.034
,413.4,1.035
,413.5,1.036
,413.6,1.037
,413.7,1.037
,413.8,1.036
,413.9,1.035
,414,1.034
,414.1,1.035
,414.2,1.036
,414.3,1.037
,414.4,1.037
,414.5,1.036
,414.6,1.035
,414.7,1.034
,414.8,1.035
,414.9,1.036
,415,1.037
,415.1,1.037
,415.2,1.036
,415.3,1.035
,415.4,1.034
,415.5,1.035
,415.6,1.036
,415.7,1.037
,415.8,1.037
,415.9,1.036
,416,1.035
,416.1,1.034
,416.2,1.035
,416.3,1.036
,416.4,1.037
,416.5,1.037
,416.6,1.036
,416.7,1.035
,416.8,1.034
,416.9,1.035
,417,1.036
,417.1,1.037
,417.2,1.037
,417.3,1.036
,417.4,1.035
,417.5,1.034
,417.6,1.035
,417.7,1.036
,417.8,1.037
,417.9,1.037
,418,1.036
,418.1,1.035
,418.2,1.034
,418.3,1.035
,418.4,1.036
,418.5,1.037
,418.6,1.037
,418.7,1.036
,418.8,1.035
,418.9,1.034
,419,1.035
,419.1,1.036
,419.2,1.037
,419.3,1.037
,419.4,1.036
,419.5,1.035
,419.6,1.034
,419.7,1.035
,419.8,1.036
,419.9,1.037
,420,1.037
,420.1,1.036
,420.2,1.035
,420.3,1.034
,420.4,1.035
,420.5,1.036
,420.6,1.037
,420.7,1.037
,420.8,1.036
,420.9,1.035
,421,1.034
,421.1,1.035
,421.2,1.036
,421.3,1.037
,421.4,1.037
,421.5,1.036
,421.6,1.035
,421.7,1.034
,421.8,1.035
,421.9,1.036
,422,1.037
,422.1,1.037
,422.2,1.036
,422.3,1.035
,422.4,1.034
,422.5,1.035
,422.6,1.036
,422.7,1.037
,422.8,1.037
,422.9,1.036
,423,1.035
,423.1,1.034
,423.2,1.035
,423.3,1.036
,423.4,1.037
,423.5,1.037
,423.6,1.036
,423.7,1.035
,423.8,1.034
,423.9,1.035
,424,1.036
,424.1,1.037
,424.2,1.037
,424.3,1.036
,424.4,1.035
,424.5,1.034
,424.6,1.035
,424.7,1.036
,424.8,1.037
,424.9,1.037
,425,1.036
,425.1,1.035
,425.2,1.034
,425.3,1.035
,425.4,1.036
,425.5,1.037
,425.6,1.037
,425.7,1.036
,425.8,1.035
,425.9,1.034
,426,1.035
,426.1,1.036
,426.2,1.037
,426.3,1.037
,426.4,1.036
,426.5,1.035
,426.6,1.034
,426.7,1.035
,426.8,1.036
,426.9,1.037
,427,1.037
,427.1,1.036
,427.2,1.035
,427.3,1.034
,427.4,1.035
,427.5,1.036
,427.6,1.037
,427.7,1.037
,427.8,1.036
,427.9,1.035
,428,1.034
,428.1,1.035
,428.2,1.036
,428.3,1.037
,428.4,1.037
,428.5,1.036
,428.6,1.035
,428.7,1.034
,428.8,1.035
,428.9,1.036
,429,1.037
,429.1,1.037
,429.2,1.036
,429.3,1.035
,429.4,1.034
,429.5,1.035
,429.6,1.036
,429.7,1.037
,429.8,1.037
,429.9,1.036
,430,1.035
,430.1,1.034
,430.2,1.035
,430.3,1.036
,430.4,1.037
,430.5,1.037
,430.6,1.036
,430.7,1.035
,430.8,1.034
,430.9,1.035
,431,1.036
,431.1,1.037
,431.2,1.037
,431.3,1.036
,431.4,1.035
,431.5,1.034
,431.6,1.035
,431.7,1.036
,431.8,1.037
,431.9,1.037
,432,1.036
,432.1,1.035
,432.2,1.034
,432.3,1.035
,432.4,1.036
,432.5,1.037
,432.6,1.037
,432.7,1.036
,432.8,1.035
,432.9,1.034
,433,1.035
,433.1,1.036
,433.2,1.037
,433.3,1.037
,433.4,1.036
,433.5,1.035
,433.6,1.034
,433.7,1.035
,433.8,1.036
,433.9,1.037
,434,1.037
,434.1,1.036
,434.2,1.035
,434.3,1.034
,434.4,1.035
,434.5,1.036
,434.6,1.037
,434.7,1.037
,434.8,1.036
,434.9,1.035
,435,1.034
,435.1,1.035
,435.2,1.036
,435.3,1.037
,435.4,1.037
,435.5,1.036
,435.6,1.035
,435.7,1.034
,435.8,1.035
,435.9,1.036
,436,1.037
,436.1,1.037
,436.2,1.036
,436.3,1.035
,436.4,1.034
,436.5,1.035
,436.6,1.036
,436.7,1.037
,436.8,1.037
,436.9,1.036
,437,1.035
,437.1,1.034
,437.2,1.035
,437.3,1.036
,437.4,1.037
,437.5,1.037
,437.6,1.036
,437.7,1.035
,437.8,1.034
,437.9,1.035
,438,1.036
,438.1,1.037
,438.2,1.037
,438.3,1.036
,438.4,1.035
,438.5,1.034
,438.6,1.035
,438.7,1.036
,438.8,1.037
,438.9,1.037
,439,1.036
,439.1,1.035
,439.2,1.034
,439.3,1.035
,439.4,1.036
,439.5,1.037
,439.6,1.037
,439.7,1.036
,439.8,1.035
,439.9,1.034
,440,1.035
,440.1,1.036
,440.2,1.037
,440.3,1.037
,440.4,1.036
,440.5,1.035
,440.6,1.034
,440.7,1.035
,440.8,1.036
,440.9,1.037
,441,1.037
,441.1,1.036
,441.2,1.035
,441.3,1.034
,441.4,1.035
,441.5,1.036
,441.6,1.037
,441.7,1.037
,441.8,1.036
,441.9,1.035
,442,1.034
,442.1,1.035
,442.2,1.036
,442.3,1.037
,442.4,1.037
,442.5,1.036
,442.6,1.035
,442.7,1.034
,442.8,1.035
,442.9,1.036
,443,1.037
,443.1,1.037
,443.2,1.036
,443.3,1.035
,443.4,1.034
,443.5,1.035
,443.6,1.036
,443.7,1.037
,443.8,1.037
,443.9,1.036
,444,1.035
,444.1,1.034
,444.2,1.035
,444.3,1.036
,444.4,1.037
,444.5,1.037
,444.6,1.036
,444.7,1.035
,444.8,1.034
,444.9,1.035
,445,1.036
,445.1,1.037
,445.2,1.037
,445.3,1.036
,445.4,1.035
,445.5,1.034
,445.6,1.035
,445.7,1.036
,445.8,1.037
,445.9,1.037
,446,1.036
,446.1,1.035
,446.2,1.034
,446.3,1.035
,446.4,1.036
,446.5,1.037
,446.6,1.037
,446.7,1.036
,446.8,1.035
,446.9,1.034
,447,1.035
,447.1,1.036
,447.2,1.037
,447.3,1.037
,447.4,1.036
,447.5,1.035
,447.6,1.034
,447.7,1.035
,447.8,1.036
,447.9,1.037
,448,1.037
,448.1,1.036
,448.2,1.035
,448.3,1.034
,448.4,1.035
,448.5,1.036
,448.6,1.037
,448.7,1.037
,448.8,1.036
,448.9,1.035
,449,1.034
,449.1,1.035
,449.2,1.036
,449.3,1.037
,449.4,1.037
,449.5,1.036
,449.6,1.035
,449.7,1.034
,449.8,1.035
,449.9,1.036
,450,1.037
,450.1,1.037
,450.2,1.036
,450.3,1.035
,450.4,1.034
,450.5,1.035
,450.6,1.036
,450.7,1.037
,450.8,1.037
,450.9,1.036
,451,1.035
,451.1,1.034
,451.2,1.035
,451.3,1.036
,451.4,1.037
,451.5,1.037
,451.6,1.036
,451.7,1.035
,451.8,1.034
,451.9,1.035
,452,1.036
,452.1,1.037
,452.2,1.037
,452.3,1.036
,452.4,1.035
,452.5,1.034
,452.6,1.035
,452.7,1.036
,452.8,1.037
,452.9,1.037
,453,1.036
,453.1,1.035
,453.2,1.034
,453.3,1.035
,453.4,1.036
,453.5,1.037
,453.6,1.037
,453.7,1.036
,453.8,1.035
,453.9,1.034
,454,1.035
,454.1,1.036
,454.2,1.037
,454.3,1.037
,454.4,1.036
,454.5,1.035
,454.6,1.034
,454.7,1.035
,454.8,1.036
,454.9,1.037
,455,1.037
,455.1,1.036
,455.2,1.035
,455.3,1.034
,455.4,1.035
,455.5,1.036
,455.6,1.037
,455.7,1.037
,455.8,1.036
,455.9,1.035
,456,1.034
,456.1,1.035
,456.2,1.036
,456.3,1.037
,456.4,1.037
,456.5,1.036
,456.6,1.035
,456.7,1.034
,456.8,1.035
,456.9,1.036
,457,1.037
,457.1,1.037
,457.2,1.036
,457.3,1.035
,457.4,1.034
,457.5,1.035
,457.6,1.036
,457.7,1.037
,457.8,1.037
,457.9,1.036
,458,1.035
,458.1,1.034
,458.2,1.035
,458.3,1.036
,458.4,1.037
,458.5,1.037
,458.6,1.036
,458.7,1.035
,458.8,1.034
,458.9,1.035
,459,1.036
,459.1,1.037
,459.2,1.037
,459.3,1.036
,459.4,1.035
,459.5,1.034
,459.6,1.035
,459.7,1.036
,459.8,1.037
,459.9,1.037
,460,1.036
,460.1,1.035
,460.2,1.034
,460.3,1.035
,460.4,1.036
,460.5,1.037
,460.6,1.037
,460.7,1.036
,460.8,1.035
,460.9,1.034
,461,1.035
,461.1,1.036
,461.2,1.037
,461.3,1.037
,461.4,1.036
,461.5,1.035
,461.6,1.034
,461.7,1.035
,461.8,1.036
,461.9,1.037
,462,1.037
,462.1,1.036
,462.2,1.035
,462.3,1.034
,462.4,1.035
,462.5,1.036
,462.6,1.037
,462.7,1.037
,462.8,1.036
,462.9,1.035
,463,1.034
,463.1,1.035
,463.2,1.036
,463.3,1.037
,463.4,1.037
,463.5,1.036
,463.6,1.035
,463.7,1.034
,463.8,1.035
,463.9,1.036
,464,1.037
,464.1,1.037
,464.2,1.036
,464.3,1.035
,464.4,1.034
,464.5,1.035
,464.6,1.036
,464.7,1.037
,464.8,1.037
,464.9,1.036
,465,1.035
,465.1,1.034
,465.2,1.035
,465.3,1.036
,465.4,1.037
,465.5,1.037
,465.6,1.036
,465.7,1.035
,465.8,1.034
,465.9,1.035
,466,1.036
,466.1,1.037
,466.2,1.037
,466.3,1.036
,466.4,1.035
,466.5,1.034
,466.6,1.035
,466.7,1.036
,466.8,1.037
,466.9,1.037
,467,1.036
,467.1,1.035
,467.2,1.034
,467.3,1.035
,467.4,1.036
,467.5,1.037
,467.6,1.037
,467.7,1.036
,467.8,1.035
,467.9,1.034
,468,1.035
,468.1,1.036
,468.2,1.037
,468.3,1.037
,468.4,1.036
,468.5,1.035
,468.6,1.034
,468.7,1.035
,468.8,1.036
,468.9,1.037
,469,1.037
,469.1,1.036
,469.2,1.035
,469.3,1.034
,469.4,1.035
,469.5,1.036
,469.6,1.037
,469.7,1.037
,469.8,1.036
,469.9,1.035
,470,1.034
,470.1,1.035
,470.2,1.036
,470.3,1.037
,470.4,1.037
,470.5,1.036
,470.6,1.035
,470.7,1.034
,470.8,1.035
,470.9,1.036
,471,1.037
,471.1,1.037
,471.2,1.036
,471.3,1.035
,471.4,1.034
,471.5,1.035
,471.6,1.036
,471.7,1.037
,471.8,1.037
,471.9,1.036
,472,1.035
,472.1,1.034
,472.2,1.035
,472.3,1.036
,472.4,1.037
,472.5,1.037
,472.6,1.036
,472.7,1.035
,472.8,1.034
,472.9,1.035
,473,1.036
,473.1,1.037
,473.2,1.037
,473.3,1.036
,473.4,1.035
,473.5,1.034
,473.6,1.035
,473.7,1.036
,473.8,1.037
,473.9,1.037
,474,1.036
,474.1,1.035
,474.2,1.034
,474.3,1.035
,474.4,1.036
,474.5,1.037
,474.6,1.037
,474.7,1.036
,474.8,1.035
,474.9,1.034
,475,1.035
,475.1,1.036
,475.2,1.037
,475.3,1.037
,475.4,1.036
,475.5,1.035
,475.6,1.034
,475.7,1.035
,475.8,1.036
,475.9,1.037
,476,1.037
,476.1,1.036
,476.2,1.035
,476.3,1.034
,476.4,1.035
,476.5,1.036
,476.6,1.037
,476.7,1.037
,476.8,1.036
,476.9,1.035
,477,1.034
,477.1,1.035
,477.2,1.036
,477.3,1.037
,477.4,1.037
,477.5,1.036
,477.6,1.035
,477.7,1.034
,477.8,1.035
,477.9,1.036
,478,1.037
,478.1,1.037
,478.2,1.036
,478.3,1.035
,478.4,1.034
,478.5,1.035
,478.6,1.036
,478.7,1.037
,478.8,1.037
,478.9,1.036
,479,1.035
,479.1,1.034
,479.2,1.035
,479.3,1.036
,479.4,1.037
,479.5,1.037
,479.6,1.036
,479.7,1.035
,479.8,1.034
,479.9,1.035
,480,1.036
,480.1,1.037
,480.2,1.037
,480.3,1.036
,480.4,1.035
,480.5,1.034
,480.6,1.035
,480.7,1.036
,480.8,1.037
,480.9,1.037
,481,1.036
,481.1,1.035
,481.2,1.034
,481.3,1.035
,481.4,1.036
,481.5,1.037
,481.6,1.037
,481.7,1.036
,481.8,1.035
,481.9,1.034
,482,1.035
,482.1,1.036
,482.2,1.037
,482.3,1.037
,482.4,1.036
,482.5,1.035
,482.6,1.034
,482.7,1.035
,482.8,1.036
,482.9,1.037
,483,1.037
,483.1,1.036
,483.2,1.035
,483.3,1.034
,483.4,1.035
,483.5,1.036
,483.6,1.037
,483.7,1.037
,483.8,1.036
,483.9,1.035
,484,1.034
,484.1,1.035
,484.2,1.036
,484.3,1.037
,484.4,1.037
,484.5,1.036
,484.6,1.035
,484.7,1.034
,484.8,1.035
,484.9,1.036
,485,1.037
,485.1,1.037
,485.2,1.036
,485.3,1.035
,485.4,1.034
,485.5,1.035
,485.6,1.036
,485.7,1.037
,485.8,1.037
,485.9,1.036
,486,1.035
,486.1,1.034
,486.2,1.035
,486.3,1.036
,486.4,1.037
,486.5,1.037
,486.6,1.036
,486.7,1.035
,486.8,1.034
,486.9,1.035
,487,1.036
,487.1,1.037
,487.2,1.037
,487.3,1.036
,487.4,1.035
,487.5,1.034
,487.6,1.035
,487.7,1.036
,487.8,1.037
,487.9,1.037
,488,1.036
,488.1,1.035
,488.2,1.034
,488.3,1.035
,488.4,1.036
,488.5,1.037
,488.6,1.037
,488.7,1.036
,488.8,1.035
,488.9,1.034
,489,1.035
,489.1,1.036
,489.2,1.037
,489.3,1.037
,489.4,1.036
,489.5,1.035
,489.6,1.034
,489.7,1.035
,489.8,1.036
,489.9,1.037
,490,1.037
,490.1,1.036
,490.2,1.035
,490.3,1.034
,490.4,1.035
,490.5,1.036
,490.6,1.037
,490.7,1.037
,490.8,1.036
,490.9,1.035
,491,1.034
,491.1,1.035
,491.2,1.036
,491.3,1.037
,491.4,1.037
,491.5,1.036
,491.6,1.035
,491.7,1.034
,491.8,1.035
,491.9,1.036
,492,1.037
,492.1,1.037
,492.2,1.036
,492.3,1.035
,492.4,1.034
,492.5,1.035
,492.6,1.036
,492.7,1.037
,492.8,1.037
,492.9,1.036
,493,1.035
,493.1,1.034
,493.2,1.035
,493.3,1.036
,493.4,1.037
,493.5,1.037
,493.6,1.036
,493.7,1.035
,493.8,1.034
,493.9,1.035
,494,1.036
,494.1,1.037
,494.2,1.037
,494.3,1.036
,494.4,1.035
,494.5,1.034
,494.6,1.035
,494.7,1.036
,494.8,1.037
,494.9,1.037
,495,1.036
,495.1,1.035
,495.2,1.034
,495.3,1.035
,495.4,1.036
,495.5,1.037
,495.6,1.037
,495.7,1.036
,495.8,1.035
,495.9,1.034
,496,1.035
,496.1,1.036
,496.2,1.037
,496.3,1.037
,496.4,1.036
,496.5,1.035
,496.6,1.034
,496.7,1.035
,496.8,1.036
,496.9,1.037
,497,1.037
,497.1,1.036
,497.2,1.035
,497.3,1.034
,497.4,1.035
,497.5,1.036
,497.6,1.037
,497.7,1.037
,497.8,1.036
,497.9,1.035
,498,1.034
,498.1,1.035
,498.2,1.036
,498.3,1.037
,498.4,1.037
,498.5,1.036
,498.6,1.035
,498.7,1.034
,498.8,1.035
,498.9,1.036
,499,1.037
,499.1,1.037
,499.2,1.036
,499.3,1.035
,499.4,1.034
,499.5,1.035
,499.6,1.036
,499.7,1.037
,499.8,1.037
,499.9,1.036
,500,1.035
,500.1,1.034
,500.2,1.035
,500.3,1.036
,500.4,1.037
,500.5,1.037
,500.6,1.036
,500.7,1.035
,500.8,1.034
,500.9,1.035
,501,1.036
,501.1,1.037
,501.2,1.037
,501.3,1.036
,501.4,1.035
,501.5,1.034
,501.6,1.035
,501.7,1.036
,501.8,1.037
,501.9,1.037
,502,1.036
,502.1,1.035
,502.2,1.034
,502.3,1.035
,502.4,1.036
,502.5,1.037
,502.6,1.037
,502.7,1.036
,502.8,1.035
,502.9,1.034
,503,1.035
,503.1,1.036
,503.2,1.037
,503.3,1.037
,503.4,1.036
,503.5,1.035
,503.6,1.034
,503.7,1.035
,503.8,1.036
,503.9,1.037
,504,1.037
,504.1,1.036
,504.2,1.035
,504.3,1.034
,504.4,1.035
,504.5,1.036
,504.6,1.037
,504.7,1.037
,504.8,1.036
,504.9,1.035
,505,1.034
,505.1,1.035
,505.2,1.036
,505.3,1.037
,505.4,1.037
,505.5,1.036
,505.6,1.035
,505.7,1.034
,505.8,1.035
,505.9,1.036
,506,1.037
,506.1,1.037
,506.2,1.036
,506.3,1.035
,506.4,1.034
,506.5,1.035
,506.6,1.036
,506.7,1.037
,506.8,1.037
,506.9,1.036
,507,1.035
,507.1,1.034
,507.2,1.035
,507.3,1.036
,507.4,1.037
,507.5,1.037
,507.6,1.036
,507.7,1.035
,507.8,1.034
,507.9,1.035
,508,1.036
,508.1,1.037
,508.2,1.037
,508.3,1.036
,508.4,1.035
,508.5,1.034
,508.6,1.035
,508.7,1.036
,508.8,1.037
,508.9,1.037
,509,1.036
,509.1,1.035
,509.2,1.034
,509.3,1.035
,509.4,1.036
,509.5,1.037
,509.6,1.037
,509.7,1.036
,509.8,1.035
,509.9,1.034
,510,1.035
,510.1,1.036
,510.2,1.037
,510.3,1.037
,510.4,1.036
,510.5,1.035
,510.6,1.034
,510.7,1.035
,510.8,1.036
,510.9,1.037
,511,1.037
,511.1,1.036
,511.2,1.035
,511.3,1.034
,511.4,1.035
,511.5,1.036
,511.6,1.037
,511.7,1.037
,511.8,1.036
,511.9,1.035
,512,1.034
,512.1,1.035
,512.2,1.036
,512.3,1.037
,512.4,1.037
,512.5,1.036
,512.6,1.035
,512.7,1.034
,512.8,1.035
,512.9,1.036
,513,1.037
,513.1,1.037
,513.2,1.036
,513.3,1.035
,513.4,1.034
,513.5,1.035
,513.6,1.036
,513.7,1.037
,513.8,1.037
,513.9,1.036
,514,1.035
,514.1,1.034
,514.2,1.035
,514.3,1.036
,514.4,1.037
,514.5,1.037
,514.6,1.036
,514.7,1.035
,514.8,1.034
,514.9,1.035
,515,1.036
,515.1,1.037
,515.2,1.037
,515.3,1.036
,515.4,1.035
,515.5,1.034
,515.6,1.035
,515.7,1.036
,515.8,1.037
,515.9,1.037
,516,1.036
,516.1,1.035
,516.2,1.034
,516.3,1.035
,516.4,1.036
,516.5,1.037
,516.6,1.037
,516.7,1.036
,516.8,1.035
,516.9,1.034
,517,1.035
,517.1,1.036
,517.2,1.037
,517.3,1.037
,517.4,1.036
,517.5,1.035
,517.6,1.034
,517.7,1.035
,517.8,1.036
,517.9,1.037
,518,1.037
,518.1,1.036
,518.2,1.035
,518.3,1.034
,518.4,1.035
,518.5,1.036
,518.6,1.037
,518.7,1.037
,518.8,1.036
,518.9,1.035
,519,1.034
,519.1,1.035
,519.2,1.036
,519.3,1.037
,519.4,1.037
,519.5,1.036
,519.6,1.035
,519.7,1.034
,519.8,1.035
,519.9,1.036
,520,1.037
,520.1,1.037
,520.2,1.036
,520.3,1.035
,520.4,1.034
,520.5,1.035
,520.6,1.036
,520.7,1.037
,520.8,1.037
,520.9,1.036
,521,1.035
,521.1,1.034
,521.2,1.035
,521.3,1.036
,521.4,1.037
,521.5,1.037
,521.6,1.036
,521.7,1.035
,521.8,1.034
,521.9,1.035
,522,1.036
,522.1,1.037
,522.2,1.037
,522.3,1.036
,522.4,1.035
,522.5,1.034
,522.6,1.035
,522.7,1.036
,522.8,1.037
,522.9,1.037
,523,1.036
,523.1,1.035
,523.2,1.034
,523.3,1.035
,523.4,1.036
,523.5,1.037
,523.6,1.037
,523.7,1.036
,523.8,1.035
,523.9,1.034
,524,1.035
,524.1,1.036
,524.2,1.037
,524.3,1.037
,524.4,1.036
,524.5,1.035
,524.6,1.034
,524.7,1.035
,524.8,1.036
,524.9,1.037
,525,1.037
,525.1,1.036
,525.2,1.035
,525.3,1.034
,525.4,1.035
,525.5,1.036
,525.6,1.037
,525.7,1.037
,525.8,1.036
,525.9,1.035
,526,1.034
,526.1,1.035
,526.2,1.036
,526.3,1.037
,526.4,1.037
,526.5,1.036
,526.6,1.035
,526.7,1.034
,526.8,1.035
,526.9,1.036
,527,1.037
,527.1,1.037
,527.2,1.036
,527.3,1.035
,527.4,1.034
,527.5,1.035
,527.6,1.036
,527.7,1.037
,527.8,1.037
,527.9,1.036
,528,1.035
,528.1,1.034
,528.2,1.035
,528.3,1.036
,528.4,1.037
,528.5,1.037
,528.6,1.036
,528.7,1.035
,528.8,1.034
,528.9,1.035
,529,1.036
,529.1,1.037
,529.2,1.037
,529.3,1.036
,529.4,1.035
,529.5,1.034
,529.6,1.035
,529.7,1.036
,529.8,1.037
,529.9,1.037
,530,1.036
,530.1,1.035
,530.2,1.034
,530.3,1.035
,530.4,1.036
,530.5,1.037
,530.6,1.037
,530.7,1.036
,530.8,1.035
,530.9,1.034
,531,1.035
,531.1,1.036
,531.2,1.037
,531.3,1.037
,531.4,1.036
,531.5,1.035
,531.6,1.034
,531.7,1.035
,531.8,1.036
,531.9,1.037
,532,1.037
,532.1,1.036
,532.2,1.035
,532.3,1.034
,532.4,1.035
,532.5,1.036
,532.6,1.037
,532.7,1.037
,532.8,1.036
,532.9,1.035
,533,1.034
,533.1,1.035
,533.2,1.036
,533.3,1.037
,533.4,1.037
,533.5,1.036
,533.6,1.035
,533.7,1.034
,533.8,1.035
,533.9,1.036
,534,1.037
,534.1,1.037
,534.2,1.036
,534.3,1.035
,534.4,1.034
,534.5,1.035
,534.6,1.036
,534.7,1.037
,534.8,1.037
,534.9,1.036
,535,1.035
,535.1,1.034
,535.2,1.035
,535.3,1.036
,535.4,1.037
,535.5,1.037
,535.6,1.036
,535.7,1.035
,535.8,1.034
,535.9,1.035
,536,1.036
,536.1,1.037
,536.2,1.037
,536.3,1.036
,536.4,1.035
,536.5,1.034
,536.6,1.035
,536.7,1.036
,536.8,1.037
,536.9,1.037
,537,1.036
,537.1,1.035
,537.2,1.034
,537.3,1.035
,537.4,1.036
,537.5,1.037
,537.6,1.037
,537.7,1.036
,537.8,1.035
,537.9,1.034
,538,1.035
,538.1,1.036
,538.2,1.037
,538.3,1.037
,538.4,1.036
,538.5,1.035
,538.6,1.034
,538.7,1.035
,538.8,1.036
,538.9,1.037
,539,1.037
,539.1,1.036
,539.2,1.035
,539.3,1.034
,539.4,1.035
,539.5,1.036
,539.6,1.037
,539.7,1.037
,539.8,1.036
,539.9,1.035
,540,1.034
,540.1,1.035
,540.2,1.036
,540.3,1.037
,540.4,1.037
,540.5,1.036
,540.6,1.035
,540.7,1.034
,540.8,1.035
,540.9,1.036
,541,1.037
,541.1,1.037
,541.2,1.036
,541.3,1.035
,541.4,1.034
,541.5,1.035
,541.6,1.036
,541.7,1.037
,541.8,1.037
,541.9,1.036
,542,1.035
,542.1,1.034
,542.2,1.035
,542.3,1.036
,542.4,1.037
,542.5,1.037
,542.6,1.036
,542.7,1.035
,542.8,1.034
,542.9,1.035
,543,1.036
,543.1,1.037
,543.2,1.037
,543.3,1.036
,543.4,1.035
,543.5,1.034
,543.6,1.035
,543.7,1.036
,543.8,1.037
,543.9,1.037
,544,1.036
,544.1,1.035
,544.2,1.034
,544.3,1.035
,544.4,1.036
,544.5,1.037
,544.6,1.037
,544.7,1.036
,544.8,1.035
,544.9,1.034
,545,1.035
,545.1,1.036
,545.2,1.037
,545.3,1.037
,545.4,1.036
,545.5,1.035
,545.6,1.034
,545.7,1.035
,545.8,1.036
,545.9,1.037
,546,1.037
,546.1,1.036
,546.2,1.035
,546.3,1.034
,546.4,1.035
,546.5,1.036
,546.6,1.037
,546.7,1.037
,546.8,1.036
,546.9,1.035
,547,1.034
,547.1,1.035
,547.2,1.036
,547.3,1.037
,547.4,1.037
,547.5,1.036
,547.6,1.035
,547.7,1.034
,547.8,1.035
,547.9,1.036
,548,1.037
,548.1,1.037
,548.2,1.036
,548.3,1.035
,548.4,1.034
,548.5,1.035
,548.6,1.036
,548.7,1.037
,548.8,1.037
,548.9,1.036
,549,1.035
,549.1,1.034
,549.2,1.035
,549.3,1.036
,549.4,1.037
,549.5,1.037
,549.6,1.036
,549.7,1.035
,549.8,1.034
,549.9,1.035
,550,1.036
,550.1,1.037
,550.2,1.037
,550.3,1.036
,550.4,1.035
,550.5,1.034
,550.6,1.035
,550.7,1.036
,550.8,1.037
,550.9,1.037
,551,1.036
,551.1,1.035
,551.2,1.034
,551.3,1.035
,551.4,1.036
,551.5,1.037
,551.6,1.037
,551.7,1.036
,551.8,1.035
,551.9,1.034
,552,1.035
,552.1,1.036
,552.2,1.037
,552.3,1.037
,552.4,1.036
,552.5,1.035
,552.6,1.034
,552.7,1.035
,552.8,1.036
,552.9,1.037
,553,1.037
,553.1,1.036
,553.2,1.035
,553.3,1.034
,553.4,1.035
,553.5,1.036
,553.6,1.037
,553.7,1.037
,553.8,1.036
,553.9,1.035
,554,1.034
,554.1,1.035
,554.2,1.036
,554.3,1.037
,554.4,1.037
,554.5,1.036
,554.6,1.035
,554.7,1.034
,554.8,1.035
,554.9,1.036
,555,1.037
,555.1,1.037
,555.2,1.036
,555.3,1.035
,555.4,1.034
,555.5,1.035
,555.6,1.036
,555.7,1.037
,555.8,1.037
,555.9,1.036
,556,1.035
,556.1,1.034
,556.2,1.035
,556.3,1.036
,556.4,1.037
,556.5,1.037
,556.6,1.036
,556.7,1.035
,556.8,1.034
,556.9,1.035
,557,1.036
,557.1,1.037
,557.2,1.037
,557.3,1.036
,557.4,1.035
,557.5,1.034
,557.6,1.035
,557.7,1.036
,557.8,1.037
,557.9,1.037
,558,1.036
,558.1,1.035
,558.2,1.034
,558.3,1.035
,558.4,1.036
,558.5,1.037
,558.6,1.037
,558.7,1.036
,558.8,1.035
,558.9,1.034
,559,1.035
,559.1,1.036
,559.2,1.037
,559.3,1.037
,559.4,1.036
,559.5,1.035
,559.6,1.034
,559.7,1.035
,559.8,1.036
,559.9,1.037
,560,1.037
,560.1,1.036
,560.2,1.035
,560.3,1.034
,560.4,1.035
,560.5,1.036
,560.6,1.037
,560.7,1.037
,560.8,1.036
,560.9,1.035
,561,1.034
,561.1,1.035
,561.2,1.036
,561.3,1.037
,561.4,1.037
,561.5,1.036
,561.6,1.035
,561.7,1.034
,561.8,1.035
,561.9,1.036
,562,1.037
,562.1,1.037
,562.2,1.036
,562.3,1.035
,562.4,1.034
,562.5,1.035
,562.6,1.036
,562.7,1.037
,562.8,1.037
,562.9,1.036
,563,1.035
,563.1,1.034
,563.2,1.035
,563.3,1.036
,563.4,1.037
,563.5,1.037
,563.6,1.036
,563.7,1.035
,563.8,1.034
,563.9,1.035
,564,1.036
,564.1,1.037
,564.2,1.037
,564.3,1.036
,564.4,1.035
,564.5,1.034
,564.6,1.035
,564.7,1.036
,564.8,1.037
,564.9,1.037
,565,1.036
,565.1,1.035
,565.2,1.034
,565.3,1.035
,565.4,1.036
,565.5,1.037
,565.6,1.037
,565.7,1.036
,565.8,1.035
,565.9,1.034
,566,1.035
,566.1,1.036
,566.2,1.037
,566.3,1.037
,566.4,1.036
,566.5,1.035
,566.6,1.034
,566.7,1.035
,566.8,1.036
,566.9,1.037
,567,1.037
,567.1,1.036
,567.2,1.035
,567.3,1.034
,567.4,1.035
,567.5,1.036
,567.6,1.037
,567.7,1.037
,567.8,1.036
,567.9,1.035
,568,1.034
,568.1,1.035
,568.2,1.036
,568.3,1.037
,568.4,1.037
,568.5,1.036
,568.6,1.035
,568.7,1.034
,568.8,1.035
,568.9,1.036
,569,1.037
,569.1,1.037
,569.2,1.036
,569.3,1.035
,569.4,1.034
,569.5,1.035
,569.6,1.036
,569.7,1.037
,569.8,1.037
,569.9,1.036
,570,1.035
,570.1,1.034
,570.2,1.035
,570.3,1.036
,570.4,1.037
,570.5,1.037
,570.6,1.036
,570.7,1.035
,570.8,1.034
,570.9,1.035
,571,1.036
,571.1,1.037
,571.2,1.037
,571.3,1.036
,571.4,1.035
,571.5,1.034
,571.6,1.035
,571.7,1.036
,571.8,1.037
,571.9,1.037
,572,1.036
,572.1,1.035
,572.2,1.034
,572.3,1.035
,572.4,1.036
,572.5,1.037
,572.6,1.037
,572.7,1.036
,572.8,1.035
,572.9,1.034
,573,1.035
,573.1,1.036
,573.2,1.037
,573.3,1.037
,573.4,1.036
,573.5,1.035
,573.6,1.034
,573.7,1.035
,573.8,1.036
,573.9,1.037
,574,1.037
,574.1,1.036
,574.2,1.035
,574.3,1.034
,574.4,1.035
,574.5,1.036
,574.6,1.037
,574.7,1.037
,574.8,1.036
,574.9,1.035
,575,1.034
,575.1,1.035
,575.2,1.036
,575.3,1.037
,575.4,1.037
,575.5,1.036
,575.6,1.035
,575.7,1.034
,575.8,1.035
,575.9,1.036
,576,1.037
,576.1,1.037
,576.2,1.036
,576.3,1.035
,576.4,1.034
,576.5,1.035
,576.6,1.036
,576.7,1.037
,576.8,1.037
,576.9,1.036
,577,1.035
,577.1,1.034
,577.2,1.035
,577.3,1.036
,577.4,1.037
,577.5,1.037
,577.6,1.036
,577.7,1.035
,577.8,1.034
,577.9,1.035
,578,1.036
,578.1,1.037
,578.2,1.037
,578.3,1.036
,578.4,1.035
,578.5,1.034
,578.6,1.035
,578.7,1.036
,578.8,1.037
,578.9,1.037
,579,1.036
,579.1,1.035
,579.2,1.034
,579.3,1.035
,579.4,1.036
,579.5,1.037
,579.6,1.037
,579.7,1.036
,579.8,1.035
,579.9,1.034
,580,1.035
,580.1,1.036
,580.2,1.037
,580.3,1.037
,580.4,1.036
,580.5,1.035
,580.6,1.034
,580.7,1.035
,580.8,1.036
,580.9,1.037
,581,1.037
,581.1,1.036
,581.2,1.035
,581.3,1.034
,581.4,1.035
,581.5,1.036
,581.6,1.037
,581.7,1.037
,581.8,1.036
,581.9,1.035
,582,1.034
,582.1,1.035
,582.2,1.036
,582.3,1.037
,582.4,1.037
,582.5,1.036
,582.6,1.035
,582.7,1.034
,582.8,1.035
,582.9,1.036
,583,1.037
,583.1,1.037
,583.2,1.036
,583.3,1.035
,583.4,1.034
,583.5,1.035
,583.6,1.036
,583.7,1.037
,583.8,1.037
,583.9,1.036
,584,1.035
,584.1,1.034
,584.2,1.035
,584.3,1.036
,584.4,1.037
,584.5,1.037
,584.6,1.036
,584.7,1.035
,584.8,1.034
,584.9,1.035
,585,1.036
,585.1,1.037
,585.2,1.037
,585.3,1.036
,585.4,1.035
,585.5,1.034
,585.6,1.035
,585.7,1.036
,585.8,1.037
,585.9,1.037
,586,1.036
,586.1,1.035
,586.2,1.034
,586.3,1.035
,586.4,1.036
,586.5,1.037
,586.6,1.037
,586.7,1.036
,586.8,1.035
,586.9,1.034
,587,1.035
,587.1,1.036
,587.2,1.037
,587.3,1.037
,587.4,1.036
,587.5,1.035
,587.6,1.034
,587.7,1.035
,587.8,1.036
,587.9,1.037
,588,1.037
,588.1,1.036
,588.2,1.035
,588.3,1.034
,588.4,1.035
,588.5,1.036
,588.6,1.037
,588.7,1.037
,588.8,1.036
,588.9,1.035
,589,1.034
,589.1,1.035
,589.2,1.036
,589.3,1.037
,589.4,1.037
,589.5,1.036
,589.6,1.035
,589.7,1.034
,589.8,1.035
,589.9,1.036
,590,1.037
,590.1,1.037
,590.2,1.036
,590.3,1.035
,590.4,1.034
,590.5,1.035
,590.6,1.036
,590.7,1.037
,590.8,1.037
,590.9,1.036
,591,1.035
,591.1,1.034
,591.2,1.035
,591.3,1.036
,591.4,1.037
,591.5,1.037
,591.6,1.036
,591.7,1.035
,591.8,1.034
,591.9,1.035
,592,1.036
,592.1,1.037
,592.2,1.037
,592.3,1.036
,592.4,1.035
,592.5,1.034
,592.6,1.035
,592.7,1.036
,592.8,1.037
,592.9,1.037
,593,1.036
,593.1,1.035
,593.2,1.034
,593.3,1.035
,593.4,1.036
,593.5,1.037
,593.6,1.037
,593.7,1.036
,593.8,1.035
,593.9,1.034
,594,1.035
,594.1,1.036
,594.2,1.037
,594.3,1.037
,594.4,1.036
,594.5,1.035
,594.6,1.034
,594.7,1.035
,594.8,1.036
,594.9,1.037
,595,1.037
,595.1,1.036
,595.2,1.035
,595.3,1.034
,595.4,1.035
,595.5,1.036
,595.6,1.037
,595.7,1.037
,595.8,1.036
,595.9,1.035
,596,1.034
,596.1,1.035
,596.2,1.036
,596.3,1.037
,596.4,1.037
,596.5,1.036
,596.6,1.035
,596.7,1.034
,596.8,1.035
,596.9,1.036
,597,1.037
,597.1,1.037
,597.2,1.036
,597.3,1.035
,597.4,1.034
,597.5,1.035
,597.6,1.036
,597.7,1.037
,597.8,1.037
,597.9,1.036
,598,1.035
,598.1,1.034
,598.2,1.035
,598.3,1.036
,598.4,1.037
,598.5,1.037
,598.6,1.036
,598.7,1.035
,598.8,1.034
,598.9,1.035
,599,1.036
,599.1,1.037
,599.2,1.037
,599.3,1.036
,599.4,1.035
,599.5,1.034
,599.6,1.035
,599.7,1.036
,599.8,1.037
,599.9,1.037
,600,1.036